name,version,description,organization,author,group,publisher,copyright,mime_type,hash1alg,hash1content,hash2alg,hash2content,license1,license2,supplier,supp-contact,supp-email,supp-phone,supp-url,type,purl,cpe,exref_type1,exref_url1,exref_type2,exref_url2
re-intermediate intuitive e-markets,1.6.6,Sport ability change also. Deal condition hundred than ball establish. Word wear direction prove itself. Film above grow. Available somebody history source international. Role choice month item ask far huge. Wife sound indeed site write sell defense garden.,Jensen LLC,Kyle Swanson,Anna Jackson,Brianna Bailey,Democrat wonder night might party believe identify. Actually upon available defense parent. Everyone defense in your. Wish represent article offer. Almost usually wish food. Risk mention doctor line should view fear.,cody/lindsey,SHA-512,2fdd5aab1a7d99474b4a3916b046ed3e6f97ea8cec83424bf3c2735a1b9df3967254975a6d484db511468231a1448125e09973198202a138b3ef1a5301d5723c,SHA3-512,8f329f6f6cfbd24fcbda7c3b69b44e7e64b0301a3799e71c3910bcf0dae56ed66d477a1d18342c3b2bd73deb5aa420aee20b4d556179be3169e9ae0ecf8e64f2,mplus,CC-BY-SA-2.1-JP,Tyler PLC,Brenda Yoder,aimee95@brown-bailey.com,+1-562-549-4451x7338,mitchell-martin.com,machine-learning-model,pkg:cargo/elizabeth@7.8.2,cpe:2.3:a:herrera:charles:2.4.8:*:*:*:*:*,configuration,hernandez.com,advisories,spencer-macias.biz
synthesize out-of-the-box infrastructures,6.3.1,Character these perform born top quickly special. Speech dog social account remember. Here school process miss. National interesting possible.,Jones-Patton,Garrett Irwin,Dominic Brooks Jr.,Theresa Smith,Their sport friend call summer matter individual would. Kid available year section throughout join. Culture really culture camera research produce. Available consider focus early owner. Condition scientist believe indeed apply federal must.,leah/ramirez,SHA3-512,8f329f6f6cfbd24fcbda7c3b69b44e7e64b0301a3799e71c3910bcf0dae56ed66d477a1d18342c3b2bd73deb5aa420aee20b4d556179be3169e9ae0ecf8e64f2,SHA3-512,8f329f6f6cfbd24fcbda7c3b69b44e7e64b0301a3799e71c3910bcf0dae56ed66d477a1d18342c3b2bd73deb5aa420aee20b4d556179be3169e9ae0ecf8e64f2,Ruby,LAL-1.2,Blair-Moore,Lori Wood,dguerra@mcmillan.com,644.822.2287x445,garcia-mitchell.info,device,pkg:cargo/samantha@9.2.4,cpe:2.3:h:guzman:rebekah:7.7.8:*:*:*:*:*,attestation,middleton.org,bom,castillo.net
visualize next-generation interfaces,3.9.0,Discussion part discuss truth group. Yeah kid line force. Price society study crime. Official least right over budget. Believe down writer huge rise.,Dunn Ltd,Michael Thomas,Donald Owens,Jonathan Nash,Later share dream market pick. Exist seat success sign. Pm as behind message. Individual include course somebody hope. Money account dream money current example. Few describe else possible probably open happen.,kevin/medina,SHA-512,2fdd5aab1a7d99474b4a3916b046ed3e6f97ea8cec83424bf3c2735a1b9df3967254975a6d484db511468231a1448125e09973198202a138b3ef1a5301d5723c,SHA3-256,6865754afe1388ab80bc5fa0402e268235ed4685a70a994192d1e231e31d3322,CAL-1.0-Combined-Work-Exception,MIT-Modern-Variant,"Lee, Garcia and Hall",Matthew Sexton,wcunningham@carroll-cantrell.com,298.270.2044,boyle-hicks.com,device-driver,pkg:maven/kimberly@7.5.6,cpe:2.3:a:taylor:catherine:5.7.2:*:*:*:*:*,issue-tracker,flores.com,codified-infrastructure,stephenson.com
brand customized bandwidth,8.3.9,Add explain month. War ability let paper money tough baby region. Character team view kid example though. Television doctor star why manager huge account. Daughter many ten heavy. But big throughout market by when.,"Wheeler, Baker and Rowe",Megan Adams,Daniel Matthews DVM,Christopher Bailey,Reach picture else. Population PM determine market environment. Cut ten trip drug. Set himself last.,dawn/roberts,SHA-384,77a791dce874589e1def4c519fa52aafac4f9395d56c8682f62cd1b25137b01551081e1ceaaae54fd435a63af1559097,SHA-384,77a791dce874589e1def4c519fa52aafac4f9395d56c8682f62cd1b25137b01551081e1ceaaae54fd435a63af1559097,diffmark,LGPL-2.0,Garcia and Sons,Nicholas Myers,james41@howard.com,+1-478-692-3731x13891,simpson.com,application,pkg:pypi/nicole@1.8.6,cpe:2.3:a:ellis:nicholas:6.3.2:*:*:*:*:*,log,benson-shaw.biz,pentest-report,jones.com
deploy 24/7 architectures,3.6.4,Reality end across church. Bank soldier whether let usually mouth second. True whatever buy whole own. Image factor staff simply impact sport. Son same space until amount policy. Hour describe kind employee then none.,Trevino and Sons,Jared Espinoza,Sheila Morales,Adam Kelley,Morning floor begin true. Stop expect sea police late wait identify. Machine new building base.,bobby/bailey,SHA-256,7967ae422bd2381b86b87dc8db4e5087c7b364e8c0b0bbe83f95bce47ec93ce1,SHA3-256,6865754afe1388ab80bc5fa0402e268235ed4685a70a994192d1e231e31d3322,HPND-doc,GFDL-1.2-no-invariants-only,"Rios, Greene and Baker",Mr. John Lambert DDS,bakerthomas@clark.com,827-892-1003,patel.com,platform,pkg:maven/renee@7.5.4,cpe:2.3:h:williams:donna:3.9.0:*:*:*:*:*,attestation,mack-klein.net,release-notes,mann.com
brand efficient supply-chains,3.7.4,Create war week interest method school area. Feel environmental try thought score foreign always. Structure ago condition per able wrong. Increase us fire item hour company. White peace food network little coach. Participant avoid material cell should raise.,"Rangel, Gray and Kelley",Sean Graves,Ronald Smith,Bradley Mcdonald,Page point range guy education. Increase building believe out contain pick hotel wear. Similar perhaps hundred difference song keep college.,stephanie/smith,SHA-384,77a791dce874589e1def4c519fa52aafac4f9395d56c8682f62cd1b25137b01551081e1ceaaae54fd435a63af1559097,SHA-256,7967ae422bd2381b86b87dc8db4e5087c7b364e8c0b0bbe83f95bce47ec93ce1,OFL-1.0-no-RFN,Cube,Hale-Hopkins,Randy Thompson,petersonalexandria@bauer-cruz.com,5464236829,adams.com,platform,pkg:maven/angela@5.0.2,cpe:2.3:o:myers:tamara:4.5.9:*:*:*:*:*,issue-tracker,wilson-campbell.com,configuration,wolf.com
drive 24/7 infrastructures,6.0.3,See enter face full. Season performance water. Different will relate interest minute great. Describe far keep maintain. Piece approach throw clear visit not suddenly.,Dodson PLC,Destiny Wagner,William Stanley,Sierra Holland,Collection majority page much need let stop. Yeah care process personal. Expert husband young together. Myself beat century easy half away carry.,shawn/smith,SHA-384,77a791dce874589e1def4c519fa52aafac4f9395d56c8682f62cd1b25137b01551081e1ceaaae54fd435a63af1559097,SHA-384,77a791dce874589e1def4c519fa52aafac4f9395d56c8682f62cd1b25137b01551081e1ceaaae54fd435a63af1559097,MIPS,UCL-1.0,"Carpenter, Davis and Joyce",Michelle Bird,aliciamartin@martinez-miranda.org,(546)274-8726,jackson-neal.com,operating-system,pkg:docker/rebecca@7.0.7,cpe:2.3:a:brown:dawn:3.0.6:*:*:*:*:*,chat,rivera.com,attestation,wells.biz
whiteboard web-enabled relationships,2.3.9,Player last realize someone where assume. He article mean field today. Piece collection avoid no onto. Sure owner shoulder add dark.,White-Cantrell,Daniel Fisher,Mrs. Valerie Clark,Mr. Jesse Dixon II,Prove report catch each effect however. Whole morning perform vote matter. Seem statement bank spend. Bag too one education apply decide manager. Student their American.,ashley/perry,SHA3-256,6865754afe1388ab80bc5fa0402e268235ed4685a70a994192d1e231e31d3322,SHA-1,13c8d9f4b6408a8eb5410ae01669b1b69673afec,HPND-export-US-acknowledgement,AGPL-1.0-or-later,Murphy and Sons,Justin Thomas,victoria08@cameron.biz,435-916-6120,watson-richardson.com,library,pkg:maven/henry@8.5.9,cpe:2.3:a:johnson:sarah:0.5.9:*:*:*:*:*,distribution-intake,webb-hurst.com,model-card,martin-thompson.com
monetize B2C infrastructures,5.7.3,Modern old success. Forget employee experience gun. Happy cause tough should southern. Western relationship fear whom carry as drop full. Mission civil my computer stand goal child. Court hour commercial very positive.,Hensley-Lee,Larry Acevedo,Laura Castillo,Christina Brown,Between throw building resource even remain. Still bag hot government every note. Bank how home economy provide health close.,david/allen,SHA-512,2fdd5aab1a7d99474b4a3916b046ed3e6f97ea8cec83424bf3c2735a1b9df3967254975a6d484db511468231a1448125e09973198202a138b3ef1a5301d5723c,SHA3-256,6865754afe1388ab80bc5fa0402e268235ed4685a70a994192d1e231e31d3322,FSFULLR,Unicode-DFS-2016,"Harrison, Wilson and Andrews",Christina Williams,nwilson@cummings.com,611-502-8798x732,klein.com,container,pkg:pypi/misty@8.4.5,cpe:2.3:o:mejia:jason:4.6.1:*:*:*:*:*,chat,collins.org,codified-infrastructure,brown.com
aggregate best-of-breed ROI,4.0.2,Hold billion letter account. Sound rate gun. She off other. Top clear ten sign home four create. Choose report recent she. Participant down half speech.,"Barrett, Hoffman and Williams",Kim Nguyen,Jessica Johnson,Michael Perry,Difference large former police issue of mind better. Quality with road camera. Size dark each use cover its away maybe.,nathaniel/williams,SHA3-384,77c4b6f7e7e5082ed3bbe8e9457980de127957664bfa01387dfcab5b48d80518851c28adf9efd138c7479fb6ad816260,SHA-1,13c8d9f4b6408a8eb5410ae01669b1b69673afec,BSD-Source-beginning-file,MIT-Modern-Variant,"Zamora, Ward and Williamson",Lisa Fisher,asmith@hood.com,369.894.0075x10127,frye.net,application,pkg:pypi/monica@5.3.5,cpe:2.3:o:harris:stacey:1.8.4:*:*:*:*:*,runtime-analysis-report,brennan.biz,formulation,perez.biz
utilize scalable communities,6.8.5,Model sport no particular film play low. Station executive heart everyone respond street forward. Specific huge bag recent effort front something. Everybody usually cup civil. Itself black notice nearly building until author.,"Serrano, Burke and Silva",Amanda Smith,Stephanie Merritt,Melissa Marsh,Prepare myself program poor movie second large. It purpose nice. Imagine ago win line else travel door. Least city sport loss out.,shane/jackson,MD5,e0f5ad1d32d109cfa98f7d59990f9a5f,SHA-1,13c8d9f4b6408a8eb5410ae01669b1b69673afec,Zimbra-1.3,CC-BY-NC-2.5,"Duncan, Taylor and Dominguez",Dr. Tami Larson DDS,lori14@bennett.com,9019218673,petty-smith.com,device,pkg:npm/kim@2.7.0,cpe:2.3:o:waters:ashley:9.7.1:*:*:*:*:*,evidence,waters.com,model-card,taylor.com
generate front-end paradigms,6.0.2,Must statement something. Glass drive no language. Single industry better authority source visit difference. Laugh door catch. Another box trouble sister than.,Lawrence and Sons,Robert Mccann,Jennifer Stephens,Ryan Brandt,Chair often cold develop so. South vote contain child data. Specific data major product write shoulder special.,jamie/fleming,MD5,e0f5ad1d32d109cfa98f7d59990f9a5f,SHA-512,2fdd5aab1a7d99474b4a3916b046ed3e6f97ea8cec83424bf3c2735a1b9df3967254975a6d484db511468231a1448125e09973198202a138b3ef1a5301d5723c,Multics,APSL-1.2,Maldonado Group,Matthew Johnson,gabrieljohnson@mccarthy.com,509.908.3286,tucker.com,library,pkg:pypi/devin@2.3.4,cpe:2.3:o:lloyd:jonathan:0.3.6:*:*:*:*:*,poam,adams-le.info,adversary-model,jones.org
repurpose ubiquitous deliverables,9.6.0,Street at who really. Mission eye society world it can tree. Man my prevent security only. Who name me behavior. Glass again to guy.,Walsh-Atkins,Anthony White,Rachel Pope,William Becker,Focus down them Mrs stuff. Hear event apply bar second people. Child site analysis health black. Though technology them experience show station which. Wind against herself hospital nor maintain than.,kari/price,SHA3-256,6865754afe1388ab80bc5fa0402e268235ed4685a70a994192d1e231e31d3322,SHA-384,77a791dce874589e1def4c519fa52aafac4f9395d56c8682f62cd1b25137b01551081e1ceaaae54fd435a63af1559097,BSD-2-Clause-Darwin,CECILL-B,Hall LLC,Sandra Wilson,oball@smith.com,304.305.5007x55941,martinez.com,container,pkg:cargo/matthew@2.7.4,cpe:2.3:o:myers:crystal:2.3.2:*:*:*:*:*,formulation,jones.net,documentation,boyer.biz
architect end-to-end platforms,8.4.0,West difference help. Several first represent. Money history at fact. Check ten student change each truth. Order capital avoid walk effort seven idea. Mrs the book lawyer inside wait.,Kim Group,James Davis,Sylvia Mosley,Jason Dyer,Small consider already listen think through hot. Hit war create good themselves week watch middle. Dinner sometimes responsibility special different. Development get likely simply tell especially. Admit thus fall couple scene issue activity. Mother director figure poor program.,sheryl/hernandez,MD5,e0f5ad1d32d109cfa98f7d59990f9a5f,SHA-1,13c8d9f4b6408a8eb5410ae01669b1b69673afec,Naumen,Sendmail,"Allen, Jones and Johnson",Kendra Dyer,nholmes@ballard.biz,885-920-6412x8808,perez.com,operating-system,pkg:maven/tammy@5.1.5,cpe:2.3:o:holloway:mark:1.4.6:*:*:*:*:*,maturity-report,ramsey-mason.org,maturity-report,khan.com
visualize compelling partnerships,2.4.6,Table statement deal guess. Husband fund over very gas these. Ago thus campaign sort. Indicate from piece trade.,"Ruiz, Taylor and Jones",Brenda Bryant,Steven Barajas,Hannah Orozco,Growth push air return stuff exactly author. Night growth case marriage certain share. Condition science glass design of last. Open four green also. Become medical more idea.,tamara/caldwell,SHA3-384,77c4b6f7e7e5082ed3bbe8e9457980de127957664bfa01387dfcab5b48d80518851c28adf9efd138c7479fb6ad816260,SHA-1,13c8d9f4b6408a8eb5410ae01669b1b69673afec,GFDL-1.2-no-invariants-or-later,Python-2.0.1,"Robertson, Crane and Baker",Colleen Smith,christiancooper@brown-powell.org,332-448-0263x0129,martin.com,firmware,pkg:docker/nancy@2.0.3,cpe:2.3:a:king:tyler:8.5.8:*:*:*:*:*,log,johnson.info,distribution,stevens.com
streamline compelling info-mediaries,3.9.1,Tough example rich administration until nature world. Painting main reason magazine. Born meet no into. Protect politics consider reveal probably treatment coach weight. Response find audience yeah old her production. Raise push respond goal.,Phillips-Powell,Kristopher Rose,Crystal Sanchez,Joseph Johnson,Law increase sound job increase. Too necessary with eye firm address avoid. Artist my cultural have listen safe. Marriage study employee can happy. Mention discussion resource those reality drive religious. Tax stage push his take second.,emily/cook,MD5,e0f5ad1d32d109cfa98f7d59990f9a5f,SHA3-512,8f329f6f6cfbd24fcbda7c3b69b44e7e64b0301a3799e71c3910bcf0dae56ed66d477a1d18342c3b2bd73deb5aa420aee20b4d556179be3169e9ae0ecf8e64f2,CECILL-1.1,GPL-2.0-with-GCC-exception,Martinez-Mendoza,Virginia Carter,turnererin@jenkins-burns.com,(672)307-5716,thompson.net,library,pkg:cargo/april@8.1.1,cpe:2.3:a:harper:michaela:2.4.5:*:*:*:*:*,attestation,mooney-everett.com,static-analysis-report,barnett.net
embrace innovative e-tailers,0.3.8,Operation wind very spring wish better door. Play ten realize natural never authority class. Green project human fine administration.,Davidson-Daugherty,Danielle Andrews,Kevin Wilson,Eric Ball,Late company this poor. Example night thing blood interview according. Body these although idea discuss. Last something bring mean. Own stay inside support something century. Especially store music arrive authority while institution.,bryan/brooks,MD5,e0f5ad1d32d109cfa98f7d59990f9a5f,SHA3-512,8f329f6f6cfbd24fcbda7c3b69b44e7e64b0301a3799e71c3910bcf0dae56ed66d477a1d18342c3b2bd73deb5aa420aee20b4d556179be3169e9ae0ecf8e64f2,CC-BY-NC-SA-3.0-DE,OLDAP-2.5,"Davis, Dawson and Scott",Melissa Everett,stephaniehogan@welch-franklin.org,(660)679-4819x8026,taylor.com,file,pkg:golang/travis@3.7.7,cpe:2.3:o:hawkins:lisa:5.7.6:*:*:*:*:*,certification-report,young.com,distribution-intake,soto.com
synergize bleeding-edge relationships,8.9.3,Leg himself still but ten idea argue itself. Alone image itself police certainly road. Page development sit tell. Meet mean certainly front reason cause. Player man low follow live beat total.,"Smith, Oneal and Lee",David Russell,Michelle Stephenson,Lauren Camacho,Camera take test wear simple say election economic. Quickly everything each subject various dream offer. Far last bag painting white thought. Itself either easy describe industry. Card ten large forward. Western imagine deep store.,randall/cook,SHA3-512,8f329f6f6cfbd24fcbda7c3b69b44e7e64b0301a3799e71c3910bcf0dae56ed66d477a1d18342c3b2bd73deb5aa420aee20b4d556179be3169e9ae0ecf8e64f2,SHA-384,77a791dce874589e1def4c519fa52aafac4f9395d56c8682f62cd1b25137b01551081e1ceaaae54fd435a63af1559097,CC-BY-ND-4.0,LPPL-1.3a,"Morton, Fuller and Moses",William Contreras,janderson@anderson.com,001-551-669-4169x256,hansen-fisher.com,device-driver,pkg:pypi/brian@5.4.1,cpe:2.3:h:scott:ruben:8.8.4:*:*:*:*:*,distribution,callahan.com,social,maxwell.com
maximize synergistic networks,5.6.7,Pattern down all act economy marriage. Civil them lawyer without cost worry require. Simply blue yourself join environmental understand.,"Sullivan, Lewis and Jordan",Natalie Hutchinson,Linda Fernandez,Nicholas Brock,Cover good throw woman example occur pick. Test region true together glass lot eight discussion. Necessary thought develop sister. Character PM democratic movie. Us quickly other open. Much officer rule member it end.,fred/klein,SHA-512,2fdd5aab1a7d99474b4a3916b046ed3e6f97ea8cec83424bf3c2735a1b9df3967254975a6d484db511468231a1448125e09973198202a138b3ef1a5301d5723c,SHA-1,13c8d9f4b6408a8eb5410ae01669b1b69673afec,psfrag,OCCT-PL,Johnson-Summers,Michael Martin,walkercaleb@newman-frank.com,001-231-284-6392,jones.com,machine-learning-model,pkg:pypi/molly@0.9.0,cpe:2.3:a:graves:ashley:0.7.1:*:*:*:*:*,support,khan.com,release-notes,oneal.com
scale visionary functionalities,2.7.2,Turn station cut social. Skin month evidence. These deep per something friend agree.,"Avery, Jenkins and Lopez",Patricia Osborn,Derek Clark,Amy Thomas,Nature interesting gas white. Simply force about notice table take blue. Too candidate road beyond yard international Mr over. Father push travel public exactly cut another. Manager pay middle kind. Respond play experience.,jodi/lewis,SHA3-384,77c4b6f7e7e5082ed3bbe8e9457980de127957664bfa01387dfcab5b48d80518851c28adf9efd138c7479fb6ad816260,SHA-512,2fdd5aab1a7d99474b4a3916b046ed3e6f97ea8cec83424bf3c2735a1b9df3967254975a6d484db511468231a1448125e09973198202a138b3ef1a5301d5723c,Artistic-2.0,Linux-OpenIB,"Nguyen, Sanchez and Medina",Jeffrey White,gravestodd@martinez.org,001-998-570-6010x248,hill-howell.com,library,pkg:npm/elizabeth@7.6.7,cpe:2.3:o:jackson:elizabeth:5.9.6:*:*:*:*:*,certification-report,perkins.com,threat-model,macdonald.com
synergize robust info-mediaries,3.9.4,Everything later protect practice drop executive. Participant class consumer second cover. War fund between cold.,Sanford Inc,Kristopher Smith,Ryan Reyes,Sandra Miles,Throughout not per open. Floor blue wind might number. Prepare whose popular personal condition.,edward/howard,SHA3-256,6865754afe1388ab80bc5fa0402e268235ed4685a70a994192d1e231e31d3322,MD5,e0f5ad1d32d109cfa98f7d59990f9a5f,OCLC-2.0,Libpng,"Cervantes, Williams and Rogers",Juan Smith,todd44@martinez.net,+1-503-907-6936x475,hunter-gonzalez.info,platform,pkg:cargo/rachel@3.4.8,cpe:2.3:a:wiggins:angela:1.4.8:*:*:*:*:*,codified-infrastructure,garcia.com,advisories,smith-garza.info
drive sticky e-business,5.1.0,Age body argue between position. Front may sell development. Often experience bit community attorney off. Shoulder politics artist plan soon trip. Whole east after during writer discuss. Apply and drug anyone consider require they.,"Haynes, Rodriguez and Clark",Scott Wallace,Brent Sampson,Jason Schultz,International recent whose measure full between you. Understand rate yourself factor indeed compare there. Activity hundred these piece investment box hope. Should animal institution continue. Pay culture term program fish adult medical.,jonathan/jackson,SHA-384,77a791dce874589e1def4c519fa52aafac4f9395d56c8682f62cd1b25137b01551081e1ceaaae54fd435a63af1559097,SHA-1,13c8d9f4b6408a8eb5410ae01669b1b69673afec,Glide,CC-BY-3.0-AT,Smith Inc,Richard Garrett,darrellbarrett@baker-patel.com,485.300.6586,mitchell.com,library,pkg:cargo/angela@2.3.2,cpe:2.3:h:deleon:darrell:2.9.0:*:*:*:*:*,distribution-intake,schultz.com,website,baker-garcia.com
target dot-com methodologies,7.3.3,If surface prevent why plan report. Particular together property current evening. Southern simple wall above senior north leader case. Of health beat mouth.,Waller LLC,Ashley Klein,Tanner Pierce,Tyler Sanchez,Actually since stage off place difference group. Land against management billion only. Trial able pretty would. Continue environment evidence brother your.,bridget/sparks,SHA-1,13c8d9f4b6408a8eb5410ae01669b1b69673afec,SHA-384,77a791dce874589e1def4c519fa52aafac4f9395d56c8682f62cd1b25137b01551081e1ceaaae54fd435a63af1559097,CDDL-1.0,CERN-OHL-1.2,Reese-Nelson,Kristin Johnson,eric11@paul.com,322.862.1187x8508,williams.com,framework,pkg:pypi/kimberly@1.6.0,cpe:2.3:o:christensen:steven:8.4.1:*:*:*:*:*,evidence,stewart.info,chat,wall-duncan.biz
implement B2B ROI,9.0.2,Expect debate really forget tend certain will. Television listen teacher do that entire. Seven risk sing degree. Else offer nature decade begin role investment something.,Smith PLC,Tony Schmidt,Scott Price,Mason Chang,Process price road why play. Impact spring else. Need more notice herself discuss. Down few occur fast to bar. Election method phone success four treatment word. Job kind lead.,eric/garcia,SHA-384,77a791dce874589e1def4c519fa52aafac4f9395d56c8682f62cd1b25137b01551081e1ceaaae54fd435a63af1559097,SHA3-256,6865754afe1388ab80bc5fa0402e268235ed4685a70a994192d1e231e31d3322,MPL-2.0,Imlib2,Flores Group,Gail Schaefer,mclaughlinjacob@ortega-davis.info,(546)951-3707,aguirre.biz,machine-learning-model,pkg:maven/victoria@7.7.6,cpe:2.3:a:woods:nicole:5.1.9:*:*:*:*:*,exploitability-statement,butler-zamora.com,risk-assessment,roberts.com
engineer impactful communities,5.8.4,Its until let civil protect maybe fill. Mouth future area high ahead major. Dream dog everyone pass speech dream develop spring. You individual sea million. I account best. Remember sing we mean exist include assume.,Scott Ltd,Taylor Maddox,Elizabeth Marshall,Michael Martin,Contain lawyer professional week. Product interview during by. Stuff standard husband born other close. Face born indicate product. Man road whatever positive. Beat hotel attention fire measure role expect business.,richard/price,SHA3-384,77c4b6f7e7e5082ed3bbe8e9457980de127957664bfa01387dfcab5b48d80518851c28adf9efd138c7479fb6ad816260,SHA-1,13c8d9f4b6408a8eb5410ae01669b1b69673afec,NLOD-1.0,Martin-Birgmeier,"Stephens, Henry and Garza",Megan Rogers,jsilva@williamson.com,9178433431,bell.info,file,pkg:pypi/amy@0.8.1,cpe:2.3:h:thompson:jaclyn:4.7.1:*:*:*:*:*,distribution,thompson-smith.biz,maturity-report,boone.biz
transform viral models,0.6.9,Indeed you large ready. National discussion product clear doctor rock. We lead require administration true. Run write health move.,Bell-Burns,Charles Fuller,Joe Morris,Michael Matthews,Attack talk answer draw force decide image. News and morning suffer center year leader. Safe now public loss to market remain author. Last mention important special. Doctor treat business paper technology.,mark/ortiz,SHA-1,13c8d9f4b6408a8eb5410ae01669b1b69673afec,SHA-256,7967ae422bd2381b86b87dc8db4e5087c7b364e8c0b0bbe83f95bce47ec93ce1,ASWF-Digital-Assets-1.0,CC-BY-1.0,Willis and Sons,Reginald Vazquez,rebecca29@silva.com,892-601-3694,jones.com,firmware,pkg:golang/steven@6.9.6,cpe:2.3:h:rowland:brian:4.5.6:*:*:*:*:*,dynamic-analysis-report,brown.info,social,mcgee.org
orchestrate interactive channels,8.8.5,Interesting analysis yard whom piece about investment. To difference until walk analysis life. Important scientist will pattern tell position how. Rate finally meeting huge see bed box officer. Natural indeed analysis one.,"Gonzalez, Moore and Romero",Jose Brown,Andrew Dominguez,Christina Jones,Article itself authority democratic help. Truth girl writer treat book. Suffer majority pay various treat nice inside. Thus girl white white outside.,george/frey,SHA3-256,6865754afe1388ab80bc5fa0402e268235ed4685a70a994192d1e231e31d3322,SHA-1,13c8d9f4b6408a8eb5410ae01669b1b69673afec,any-OSI,xlock,Martinez-Johnson,Jose Beasley,wmooney@jones.info,(476)390-1441x5980,bush.com,platform,pkg:npm/dana@3.8.8,cpe:2.3:a:lawson:austin:5.0.3:*:*:*:*:*,component-analysis-report,jones.com,exploitability-statement,patterson-jones.com
leverage compelling convergence,3.1.3,Trip much low power adult more. Rather throughout whose suddenly. Rich increase the believe summer design. Learn someone instead others sometimes though student. Standard question say else say.,Doyle-Robinson,Amanda Knight,Lindsey Lynch MD,Sherry Wilson,Want ahead many theory. Attorney best cover she. Wonder attack consider pull better could. Task production hard whatever my.,stacy/johnson,SHA-512,2fdd5aab1a7d99474b4a3916b046ed3e6f97ea8cec83424bf3c2735a1b9df3967254975a6d484db511468231a1448125e09973198202a138b3ef1a5301d5723c,SHA3-384,77c4b6f7e7e5082ed3bbe8e9457980de127957664bfa01387dfcab5b48d80518851c28adf9efd138c7479fb6ad816260,OAR,LPD-document,Strong Ltd,Hayley Jones,vblackwell@wood-lozano.com,(692)774-7571,dunn.com,device-driver,pkg:npm/robert@7.2.2,cpe:2.3:o:oliver:max:4.7.7:*:*:*:*:*,website,garcia.com,poam,berry.biz
optimize compelling eyeballs,0.7.0,Analysis own fund. Serve kind only continue value argue Democrat arm. Hour try determine see center.,"Beasley, Lopez and Parker",Collin Robertson,Amanda Black,Mark Beltran,Movie join why reason create we with. Design one machine writer special to yes cut. Glass American me drive where whole reality. Rise direction from painting central total. Finish hand chance today all machine.,ann/ritter,SHA-256,7967ae422bd2381b86b87dc8db4e5087c7b364e8c0b0bbe83f95bce47ec93ce1,SHA3-512,8f329f6f6cfbd24fcbda7c3b69b44e7e64b0301a3799e71c3910bcf0dae56ed66d477a1d18342c3b2bd73deb5aa420aee20b4d556179be3169e9ae0ecf8e64f2,NPOSL-3.0,Apache-1.0,Nolan-Thompson,Heather Collier,dianemiller@mcknight.com,+1-840-929-8816x9450,barron.org,library,pkg:cargo/dustin@1.8.5,cpe:2.3:h:hoover:sylvia:6.0.3:*:*:*:*:*,security-contact,miranda-frye.com,adversary-model,vazquez-davis.com
re-contextualize web-enabled vortals,7.9.5,Stage throw thousand. Late start game ability. Best month project nice air fire which. Per culture customer all event rest fight from.,"Blankenship, James and Diaz",Randall Ochoa,Tonya Ferguson,Jill Gonzalez,South law land prepare account system act. Issue before program tough. There surface beautiful best effect make.,molly/tyler,SHA3-384,77c4b6f7e7e5082ed3bbe8e9457980de127957664bfa01387dfcab5b48d80518851c28adf9efd138c7479fb6ad816260,SHA3-384,77c4b6f7e7e5082ed3bbe8e9457980de127957664bfa01387dfcab5b48d80518851c28adf9efd138c7479fb6ad816260,BitTorrent-1.0,Adobe-2006,Phillips Inc,Joel Walton,allisonwaters@matthews.biz,343.232.1826,garza.net,platform,pkg:maven/william@8.5.6,cpe:2.3:a:clark:blake:6.5.1:*:*:*:*:*,security-contact,mahoney-soto.org,quality-metrics,wilson.com
deploy intuitive methodologies,3.4.1,Attack sure through rate road artist. Find challenge lay. Nature environmental thank experience off analysis ready. Early scientist your art significant plant risk book. Education stuff through per dog likely professional. Example Congress language answer herself.,Nolan LLC,Amanda Wright,Brian Coffey,Russell Green,So student court population see point. Suggest manager far best. Less answer outside green.,monica/gilbert,SHA3-384,77c4b6f7e7e5082ed3bbe8e9457980de127957664bfa01387dfcab5b48d80518851c28adf9efd138c7479fb6ad816260,MD5,e0f5ad1d32d109cfa98f7d59990f9a5f,LiLiQ-Rplus-1.1,threeparttable,Combs-Gordon,Steven Prince,kelly49@cole.com,888.361.0555,mason.com,firmware,pkg:docker/jacob@1.3.9,cpe:2.3:o:vasquez:diane:7.3.0:*:*:*:*:*,exploitability-statement,lynn.info,maturity-report,roberts.com
embrace bricks-and-clicks niches,4.5.4,Teacher him word carry career town. Born often mother impact computer. Sign race floor form outside actually. Reflect wind truth number someone. May note country four study. Size thousand central wife month. Sing girl edge successful general.,Garcia Inc,Alex Cole,Dennis Perkins,Elizabeth Washington,People thought pretty themselves husband contain good. National choose wide however adult expert edge feeling. Heart energy man. Prepare think rest drop. Bag issue kid because. Week able voice need class south attention.,stacey/haley,MD5,e0f5ad1d32d109cfa98f7d59990f9a5f,SHA-384,77a791dce874589e1def4c519fa52aafac4f9395d56c8682f62cd1b25137b01551081e1ceaaae54fd435a63af1559097,MIT-advertising,Borceux,Mccormick Inc,Michael Anderson,kinganthony@bishop.info,847-671-6858x1825,barnes-freeman.com,framework,pkg:pypi/anne@1.4.1,cpe:2.3:o:murray:frank:3.9.9:*:*:*:*:*,quality-metrics,clark-cohen.biz,pentest-report,lane.org
mesh e-business e-tailers,1.8.6,Try yard party collection last. Soon record nearly better table. Really fund enjoy develop they accept. Sometimes billion center sell stage agent scene. Piece fund apply rather those sound.,"Gonzales, Hale and Richards",Patricia Holmes,Jennifer Mcdonald,Brooke Elliott,Pretty direction paper art employee on season. Time throw whatever age often at. Memory month realize media season answer. Respond age success once enjoy pressure decide. Whom ready those pay their red. Result man two.,danny/anderson,SHA3-256,6865754afe1388ab80bc5fa0402e268235ed4685a70a994192d1e231e31d3322,MD5,e0f5ad1d32d109cfa98f7d59990f9a5f,Mackerras-3-Clause-acknowledgment,MTLL,Johnson and Sons,Michael Riley,sgarza@coffey-moran.com,657-642-6092x9664,preston-brown.com,firmware,pkg:maven/samantha@8.5.4,cpe:2.3:a:stewart:edward:8.7.0:*:*:*:*:*,security-contact,chapman.com,model-card,burgess-garcia.com
unleash end-to-end convergence,4.0.1,Economy sound performance free interesting program. Group letter impact learn. Mean walk against could behavior third food. Bad my trial including record. Crime upon foreign civil.,Bowen PLC,Sharon Jacobs,Amy Phillips,Shelly Johnson,Field economic respond. Study speak require rich environmental. Treatment water often throughout different physical. Well difficult bill budget late. Thank science local past hair many. Inside generation training could whether.,dawn/perkins,SHA3-256,6865754afe1388ab80bc5fa0402e268235ed4685a70a994192d1e231e31d3322,SHA3-512,8f329f6f6cfbd24fcbda7c3b69b44e7e64b0301a3799e71c3910bcf0dae56ed66d477a1d18342c3b2bd73deb5aa420aee20b4d556179be3169e9ae0ecf8e64f2,Spencer-99,OSL-1.1,Bryant-Frank,Victoria Townsend,mariamoss@moore.com,572.626.4472x023,harris.com,framework,pkg:pypi/andrea@3.6.2,cpe:2.3:o:coleman:mary:8.1.8:*:*:*:*:*,distribution,li.net,vulnerability-assertion,hale.com
strategize proactive e-markets,8.4.9,Fly will future American wrong. Increase state no woman by reason. Couple arm note oil than many. Building success bar. Year road because evening.,Booth Ltd,Shawn Murphy,Jessica Larson,Kyle Johnson,Bad ago lawyer himself. Capital money particular suffer political remember six great. Stock pull idea once baby assume way. Without test stand until activity.,laura/chang,SHA-1,13c8d9f4b6408a8eb5410ae01669b1b69673afec,SHA3-384,77c4b6f7e7e5082ed3bbe8e9457980de127957664bfa01387dfcab5b48d80518851c28adf9efd138c7479fb6ad816260,OLDAP-2.0,GFDL-1.1-only,Roberts-Decker,Lydia Allen,cindyjackson@garza.biz,+1-795-815-7228x2915,long.com,file,pkg:pypi/theresa@9.5.5,cpe:2.3:h:shelton:craig:4.3.8:*:*:*:*:*,runtime-analysis-report,coleman.net,certification-report,simpson-roberts.com
benchmark seamless infrastructures,5.8.5,Animal all size. Month air this cup free purpose party. Fund quickly style control sound consider. Popular represent dinner deep especially.,"Matthews, Jacobs and Butler",Angela Smith,Jessica Hoffman,Derek Kerr,Less program before oil for attorney speak. Start spring owner. Whom war here might military heart music case. Dinner center above while. Ok race purpose message program. At three recently standard body tough heavy model.,james/jimenez,SHA-384,77a791dce874589e1def4c519fa52aafac4f9395d56c8682f62cd1b25137b01551081e1ceaaae54fd435a63af1559097,SHA3-512,8f329f6f6cfbd24fcbda7c3b69b44e7e64b0301a3799e71c3910bcf0dae56ed66d477a1d18342c3b2bd73deb5aa420aee20b4d556179be3169e9ae0ecf8e64f2,JPL-image,HPND-Kevlin-Henney,"Macdonald, Gregory and Howell",Rhonda Goodman,lisarollins@noble.biz,428.728.1191,ibarra-logan.com,operating-system,pkg:maven/drew@9.8.0,cpe:2.3:h:rogers:jessica:4.8.8:*:*:*:*:*,static-analysis-report,west.com,formulation,marshall.org
optimize revolutionary networks,8.6.7,Worry owner contain within him relationship kind foot. Pay trial focus control. Government soldier economy owner. Available forget step key. Ask act wife good because explain. Financial radio upon both school.,Shepard-Maxwell,Kevin Brown,Emily Watson,Sara Stone,Late trip culture walk service anything fire. Human style good. Popular least key without player lot. Civil rock develop consumer finish. Light result bit stage remain manage usually.,don/anderson,MD5,e0f5ad1d32d109cfa98f7d59990f9a5f,SHA-256,7967ae422bd2381b86b87dc8db4e5087c7b364e8c0b0bbe83f95bce47ec93ce1,GFDL-1.3-only,checkmk,"Brown, Floyd and Smith",Benjamin Walter,wmoore@mendez.com,001-483-499-9362x04900,peterson.org,framework,pkg:cargo/zachary@3.7.3,cpe:2.3:h:chambers:tiffany:8.9.1:*:*:*:*:*,poam,jones.biz,log,floyd-patel.net
implement ubiquitous convergence,3.4.8,Fish second paper bring he. Situation performance we try computer push. Hospital mean staff.,"Graham, Boyd and Weeks",Jordan Escobar,Shawn Walsh,John Peterson,Medical discover medical home. Participant space head. House argue soldier small. Surface property difference.,david/franco,SHA-384,77a791dce874589e1def4c519fa52aafac4f9395d56c8682f62cd1b25137b01551081e1ceaaae54fd435a63af1559097,SHA-1,13c8d9f4b6408a8eb5410ae01669b1b69673afec,CECILL-2.1,Rdisc,"Miller, Lee and Peterson",Monica Mata,kelli21@ford.biz,+1-567-387-8101x067,evans-walker.com,library,pkg:golang/monique@0.9.4,cpe:2.3:a:wong:lori:5.0.3:*:*:*:*:*,build-system,ross.com,advisories,rios.info
redefine cross-platform portals,3.1.3,Represent reach evening. Past south several near. Still technology ready anyone school able. Newspaper tough poor meeting adult reflect station.,"Watts, Howell and Kidd",Bryce Johnson,Samantha Ryan,Julian Walker,Former Mr almost onto effect social wish. Community senior sign someone hear. Picture treat fast writer occur college. Hotel of near than speech down certain.,andrew/henderson,SHA-1,13c8d9f4b6408a8eb5410ae01669b1b69673afec,SHA3-256,6865754afe1388ab80bc5fa0402e268235ed4685a70a994192d1e231e31d3322,MIT-testregex,Giftware,Gonzalez-Armstrong,Richard Hanson,brownstephanie@turner.net,866-713-9088x259,henderson.com,platform,pkg:maven/charles@8.0.4,cpe:2.3:a:ward:raymond:1.9.7:*:*:*:*:*,configuration,smith-martinez.com,release-notes,case.com
morph innovative channels,2.8.3,Risk significant stock close throughout product relationship. Add pay decade research. Speech realize option poor. Respond I also identify Mrs. North attack speak against investment mention drug.,Lowe-Brown,Kimberly Price,Amanda Evans,Michael Garcia,Instead among amount fall forward. Research action method mouth prove occur. Use house trouble mother parent discover bed. Return child laugh general. Contain care one. She time lot read drop laugh interest call.,brittany/daniels,SHA-384,77a791dce874589e1def4c519fa52aafac4f9395d56c8682f62cd1b25137b01551081e1ceaaae54fd435a63af1559097,SHA-384,77a791dce874589e1def4c519fa52aafac4f9395d56c8682f62cd1b25137b01551081e1ceaaae54fd435a63af1559097,SMAIL-GPL,Xfig,Hart and Sons,Joshua Chavez,cynthiapowell@lopez.com,001-434-952-2237x96424,reynolds.com,library,pkg:golang/adam@8.5.8,cpe:2.3:o:hernandez:joseph:2.5.6:*:*:*:*:*,pentest-report,henderson.com,documentation,robinson-garrett.com
syndicate leading-edge networks,8.4.6,Relationship walk drop TV character among analysis. Mean discover cause happen. Whether structure me always show always.,Wells-Taylor,Valerie Bailey,Karen Jones,Peter Reeves,Husband truth health. Something tough way stuff ball car the world. Address significant fine mind eat difference.,david/baker,SHA-256,7967ae422bd2381b86b87dc8db4e5087c7b364e8c0b0bbe83f95bce47ec93ce1,SHA-1,13c8d9f4b6408a8eb5410ae01669b1b69673afec,GFDL-1.3-invariants-only,FSFAP-no-warranty-disclaimer,"Gomez, Henderson and Carter",Kimberly Nguyen,nathanjones@meyer-hernandez.com,001-632-820-7546x623,wilson-castillo.com,firmware,pkg:cargo/lisa@4.6.8,cpe:2.3:o:gomez:debbie:1.4.1:*:*:*:*:*,threat-model,carter-duarte.com,distribution-intake,parker-perez.net
drive intuitive metrics,8.2.9,Sister each political. Clear myself pattern matter dinner leg nice. Few high section end scientist across. Eat tonight behavior subject impact past foot.,"Moore, Hunt and Fletcher",Lee Smith,Donald Moore,Michael Zavala,Law condition state Democrat total. Worker raise loss south building. Beyond argue heavy effect open. Article everybody determine do stuff.,ryan/rodriguez,SHA3-512,8f329f6f6cfbd24fcbda7c3b69b44e7e64b0301a3799e71c3910bcf0dae56ed66d477a1d18342c3b2bd73deb5aa420aee20b4d556179be3169e9ae0ecf8e64f2,SHA-256,7967ae422bd2381b86b87dc8db4e5087c7b364e8c0b0bbe83f95bce47ec93ce1,GFDL-1.3-or-later,GFDL-1.3,Holland-Ryan,Arthur Powers,carolleonard@brown.com,457.992.1353x1964,lopez.com,container,pkg:npm/tyler@6.2.5,cpe:2.3:a:miller:dawn:4.8.7:*:*:*:*:*,component-analysis-report,ray-duffy.info,formulation,lowe-ware.com
syndicate killer convergence,3.5.6,Check court likely maintain compare discover. Teacher conference evidence. Technology choose level season. Process state quality watch.,"Jones, Clarke and Robinson",Amy Gilmore,Fred Powell,Benjamin Munoz,Time image magazine prepare benefit appear east. Question dinner put their public. None real will wear. Hair different often three hot southern.,michael/roberts,SHA3-384,77c4b6f7e7e5082ed3bbe8e9457980de127957664bfa01387dfcab5b48d80518851c28adf9efd138c7479fb6ad816260,SHA3-256,6865754afe1388ab80bc5fa0402e268235ed4685a70a994192d1e231e31d3322,CC-BY-SA-3.0-DE,ThirdEye,Hobbs-Campbell,John Clark,matthew23@rivers.com,+1-814-772-2460x2470,snyder-norman.com,operating-system,pkg:cargo/morgan@0.8.1,cpe:2.3:a:lawson:hunter:1.0.2:*:*:*:*:*,bom,flores.com,issue-tracker,campbell.biz
integrate strategic channels,7.6.8,True national cold cultural. Market interesting business minute. Such someone agree movie though partner subject. Wide keep issue whose early. Sport expect itself plan field various.,Moran-Henry,Christina Lester,Brenda Holt,David Brown,Save majority improve least. Per when as blue difference central. Story accept answer war both head store. Be vote particular eight most.,jeremy/martinez,SHA3-512,8f329f6f6cfbd24fcbda7c3b69b44e7e64b0301a3799e71c3910bcf0dae56ed66d477a1d18342c3b2bd73deb5aa420aee20b4d556179be3169e9ae0ecf8e64f2,SHA3-512,8f329f6f6cfbd24fcbda7c3b69b44e7e64b0301a3799e71c3910bcf0dae56ed66d477a1d18342c3b2bd73deb5aa420aee20b4d556179be3169e9ae0ecf8e64f2,Entessa,MIT-enna,Taylor-Blair,Antonio Rogers,jcook@whitehead-burton.org,940-290-6545x9816,cooper.com,file,pkg:golang/jeffery@7.2.4,cpe:2.3:a:allen:kelly:2.8.8:*:*:*:*:*,release-notes,key-wright.org,vcs,smith.org
integrate robust web-readiness,2.9.6,Stay politics itself law cultural theory answer. Return public what event floor professional record. Southern dinner on majority. Step respond foreign dream. Gas court institution have.,"Torres, Walter and Wilson",Randy Adams,Willie Todd,Jordan Stuart,Someone lot organization type exactly among. Prevent list treatment really throw threat subject. Big matter perhaps nor father. Wrong manager cup nature any.,chad/perez,MD5,e0f5ad1d32d109cfa98f7d59990f9a5f,SHA3-384,77c4b6f7e7e5082ed3bbe8e9457980de127957664bfa01387dfcab5b48d80518851c28adf9efd138c7479fb6ad816260,CC-PDDC,MIT,"Kelley, Tran and Brennan",Kyle Day,andrea73@estrada.com,304-948-0683x0238,smith-love.com,file,pkg:pypi/david@2.4.9,cpe:2.3:o:floyd:danielle:7.5.8:*:*:*:*:*,attestation,davis.org,build-system,anderson.net
transform clicks-and-mortar communities,5.8.9,Letter spend safe Congress respond relationship garden else. Painting personal resource free across. Collection I stuff mean discuss baby consumer. Weight tree maintain age she. Owner garden determine thank despite nearly parent. Soldier sort election themselves society reach whom.,Allen Ltd,Frank Burns,Tiffany Velez,Kenneth Soto,War spend wear red different general. Experience member sister act occur sometimes. Sometimes billion sort lawyer bit design open. Among here so add sister class. Position assume present cold course now.,mary/hernandez,SHA-1,13c8d9f4b6408a8eb5410ae01669b1b69673afec,SHA-1,13c8d9f4b6408a8eb5410ae01669b1b69673afec,TCL,BSD-3-Clause-Clear,Nichols Group,Katherine Perez,karidavis@cunningham.net,(426)760-7422x660,lowe.com,data,pkg:cargo/jonathan@7.9.2,cpe:2.3:a:scott:leah:3.4.6:*:*:*:*:*,log,pierce.com,mailing-list,buckley-fox.com
enhance extensible web services,3.3.8,Picture or garden let. Board figure deal wall action. Contain leave about. Happy American life foot conference.,Barron Group,Elizabeth Fernandez,Amber Crane,Anne Graham,Term strategy close look less as. Wonder interview throughout less shake back. Cost produce fight pattern staff a.,cindy/davis,SHA-384,77a791dce874589e1def4c519fa52aafac4f9395d56c8682f62cd1b25137b01551081e1ceaaae54fd435a63af1559097,SHA-256,7967ae422bd2381b86b87dc8db4e5087c7b364e8c0b0bbe83f95bce47ec93ce1,W3C,BSD-2-Clause-Patent,"Smith, Carter and White",Henry Fowler,wendy84@mckenzie.com,297.702.8396x7861,phillips.com,framework,pkg:maven/tyler@0.4.2,cpe:2.3:a:garcia:mary:7.9.8:*:*:*:*:*,bom,perez.com,distribution,guerra-simpson.com
deliver granular portals,0.6.5,Language set less go. Again according image during hospital save get. Want add thought apply. Among later force door ok. Song environmental speech between. Concern Republican company worker.,Hines-Newton,Nicole Campbell,Maria Harvey,Sean Trujillo,Response their at myself. Good officer thus whose base. Accept we trip determine. Year church money star. Star laugh build mind respond.,wendy/jones,SHA3-256,6865754afe1388ab80bc5fa0402e268235ed4685a70a994192d1e231e31d3322,MD5,e0f5ad1d32d109cfa98f7d59990f9a5f,Bahyph,GFDL-1.1-invariants-only,Wagner-Keller,Kayla Thompson,olivia15@white.com,276.754.2277,burton.com,framework,pkg:pypi/zachary@2.6.2,cpe:2.3:o:rodriguez:douglas:9.8.6:*:*:*:*:*,distribution,gonzalez.com,build-system,thompson.info
reinvent e-business partnerships,7.8.2,Employee brother senior different resource. Brother live clearly old store. Clearly first spring decision research resource. Ability fall one reach. Because kid their position individual become make authority.,Carpenter LLC,Leah Robinson,Michael Willis,Gabriel Baker,Within special foreign phone case. Fill him finish toward. Message suddenly half away measure nation. Us bag reveal share summer agreement. Hear either store.,samantha/kramer,SHA3-512,8f329f6f6cfbd24fcbda7c3b69b44e7e64b0301a3799e71c3910bcf0dae56ed66d477a1d18342c3b2bd73deb5aa420aee20b4d556179be3169e9ae0ecf8e64f2,SHA3-384,77c4b6f7e7e5082ed3bbe8e9457980de127957664bfa01387dfcab5b48d80518851c28adf9efd138c7479fb6ad816260,IPL-1.0,NIST-Software,Velez PLC,John Woods,mendezbrian@zuniga-sullivan.com,418-979-4790x585,wilcox-hayes.com,library,pkg:npm/karen@8.8.5,cpe:2.3:o:nelson:danielle:3.6.0:*:*:*:*:*,issue-tracker,carson.com,documentation,parker-baker.com
repurpose enterprise content,1.7.6,Prove effect likely. Throw also the bag from military. More new out plant wonder heavy weight.,"Lutz, Bender and Jones",Thomas Mack,Donald Livingston,Rodney Jensen,Represent not military. Discussion authority weight recent pay their so. Through specific art account. Decision performance this employee both parent have. Fire stuff section in law. Believe operation Congress.,nicholas/ward,SHA-384,77a791dce874589e1def4c519fa52aafac4f9395d56c8682f62cd1b25137b01551081e1ceaaae54fd435a63af1559097,MD5,e0f5ad1d32d109cfa98f7d59990f9a5f,LPL-1.0,Nokia,Nichols-Horton,Jeremy Smith,coopercasey@fuentes.com,(349)248-3854x3309,patel.com,device-driver,pkg:pypi/ariel@9.5.0,cpe:2.3:o:thompson:cole:8.1.9:*:*:*:*:*,formulation,johnson.com,build-system,henderson-burns.com
transition granular web services,6.6.7,Employee peace many investment. Born east attack. Especially red why animal common probably. Certain manage look authority bed almost fast win. Tree marriage political the list hair.,"Holt, Long and Hopkins",David Tucker,Brent Jones,Steven Barrett,Claim employee fund bar. Official role song enough power by edge contain. Including assume board.,barbara/stafford,MD5,e0f5ad1d32d109cfa98f7d59990f9a5f,SHA3-512,8f329f6f6cfbd24fcbda7c3b69b44e7e64b0301a3799e71c3910bcf0dae56ed66d477a1d18342c3b2bd73deb5aa420aee20b4d556179be3169e9ae0ecf8e64f2,CPL-1.0,BSD-4-Clause-Shortened,Price and Sons,Mariah Greer,gsmith@chen.com,248-945-8871x326,williams.com,library,pkg:golang/jennifer@5.7.9,cpe:2.3:a:torres:steven:9.9.3:*:*:*:*:*,model-card,miller.com,maturity-report,watson-smith.com
drive one-to-one initiatives,3.4.4,Light expert her color impact including claim. Key western rule chair scientist perhaps. Western teacher performance ground property. Source product Democrat wind. Address have assume performance to just decision reduce. Almost east music.,Cooper LLC,Elizabeth Russell,Rachel Wheeler,Laurie Cummings DVM,Air risk understand report put early. Star sea something little tend arm town. Learn part meet least language. Visit peace friend PM try room.,jason/martin,SHA-256,7967ae422bd2381b86b87dc8db4e5087c7b364e8c0b0bbe83f95bce47ec93ce1,SHA-256,7967ae422bd2381b86b87dc8db4e5087c7b364e8c0b0bbe83f95bce47ec93ce1,CC0-1.0,OCCT-PL,Day-Liu,Danielle Maldonado,nicolesnyder@mueller-mathis.org,5579894954,weber.net,machine-learning-model,pkg:npm/ashley@3.1.1,cpe:2.3:a:ortega:matthew:0.3.4:*:*:*:*:*,adversary-model,dyer-norris.com,exploitability-statement,guzman.com
deploy impactful markets,4.0.6,Race fast important design beyond. Discussion go method spend. Debate energy guess no behind church.,Morrow-Smith,David Perez,Kari Mccoy,Alyssa Rodgers,Turn American scene scientist. Poor never there above small. Gun even within. Radio apply girl Republican. Sense personal edge several summer.,scott/atkins,SHA-256,7967ae422bd2381b86b87dc8db4e5087c7b364e8c0b0bbe83f95bce47ec93ce1,SHA-256,7967ae422bd2381b86b87dc8db4e5087c7b364e8c0b0bbe83f95bce47ec93ce1,CECILL-C,CMU-Mach,"Bullock, Williams and Rush",Laurie Ramos,jacqueline62@evans-fleming.biz,(889)505-4279x42089,pena-stevens.com,data,pkg:golang/regina@6.4.9,cpe:2.3:a:young:juan:1.4.7:*:*:*:*:*,build-meta,vargas-payne.org,threat-model,davis.net
re-contextualize B2B interfaces,4.0.8,Television job experience onto. Bag direction article charge magazine loss teach decision. Agreement TV she relate significant environmental.,Cervantes-Johnson,Amanda Stanley,Drew Patterson,Crystal Jones,Include level light wind he camera. Option particular ready boy. Modern some push water focus entire wish. Growth common develop dog detail.,katelyn/barker,SHA3-384,77c4b6f7e7e5082ed3bbe8e9457980de127957664bfa01387dfcab5b48d80518851c28adf9efd138c7479fb6ad816260,SHA-512,2fdd5aab1a7d99474b4a3916b046ed3e6f97ea8cec83424bf3c2735a1b9df3967254975a6d484db511468231a1448125e09973198202a138b3ef1a5301d5723c,BSD-1-Clause,BSD-3-Clause-Attribution,Rodriguez PLC,Joseph Chambers,theresafields@sawyer-wiley.com,374-464-2235,spencer.com,device,pkg:golang/rebecca@0.6.0,cpe:2.3:a:park:michael:9.7.6:*:*:*:*:*,quality-metrics,wallace-ortiz.com,dynamic-analysis-report,martin.com
synthesize ubiquitous metrics,5.8.3,Theory about hold school despite decade soldier. Good same possible eat rich. Push specific after treatment base.,"House, Hicks and Conway",Nicholas Wallace,Stephanie Floyd,Lindsay Foster,Case little upon mention. Former condition attention suggest because will war figure. Tree whether decision laugh out. Yet wonder figure action of. Firm newspaper stuff stay.,david/valentine,SHA-256,7967ae422bd2381b86b87dc8db4e5087c7b364e8c0b0bbe83f95bce47ec93ce1,SHA-256,7967ae422bd2381b86b87dc8db4e5087c7b364e8c0b0bbe83f95bce47ec93ce1,LGPL-2.1,Artistic-2.0,"Norton, Moore and Scott",Sarah Sanchez,ymack@short.biz,(578)726-0663x1388,martin.com,file,pkg:cargo/jeremy@1.9.3,cpe:2.3:a:cummings:miranda:9.7.6:*:*:*:*:*,poam,galvan.net,build-meta,stephens.com
envisioneer open-source niches,2.6.7,However wish fund role. Church ability drug left sort gas. Class grow stand too community bill kind. Ready have world medical. Trouble brother though couple.,"Benitez, Burgess and Matthews",Danielle Beck,Molly Fowler,John Thomas,Buy accept purpose people. And attorney rest gas begin. Consumer tax at and.,dawn/perez,SHA3-512,8f329f6f6cfbd24fcbda7c3b69b44e7e64b0301a3799e71c3910bcf0dae56ed66d477a1d18342c3b2bd73deb5aa420aee20b4d556179be3169e9ae0ecf8e64f2,SHA3-384,77c4b6f7e7e5082ed3bbe8e9457980de127957664bfa01387dfcab5b48d80518851c28adf9efd138c7479fb6ad816260,GPL-3.0-only,HPND-doc,Hoover Inc,Andrea Avila,gblack@hubbard.net,+1-794-480-0852x271,berry.com,device,pkg:maven/jonathan@1.4.2,cpe:2.3:o:lowe:claudia:0.7.2:*:*:*:*:*,risk-assessment,potter.com,evidence,bright.com
re-contextualize compelling methodologies,4.9.8,Eye possible before example pull. Congress apply central worker parent put good. His home however school human choice paper. Method camera many game like idea. Hour city tough goal issue.,Thomas-Young,Evan Carroll,Steven Bray,Lydia Dalton,Anyone call decide. Theory that else certain when how sea another. Add become expert wait family. Table every professional reality through. Pass image finish building life. Figure take age after man admit.,olivia/burgess,SHA3-512,8f329f6f6cfbd24fcbda7c3b69b44e7e64b0301a3799e71c3910bcf0dae56ed66d477a1d18342c3b2bd73deb5aa420aee20b4d556179be3169e9ae0ecf8e64f2,SHA-256,7967ae422bd2381b86b87dc8db4e5087c7b364e8c0b0bbe83f95bce47ec93ce1,CC-BY-NC-SA-2.5,DL-DE-BY-2.0,"Johnson, Roberts and Lewis",Nicholas Flores,juan48@williams.info,+1-340-760-0800x88881,norris-gomez.info,platform,pkg:npm/matthew@9.7.2,cpe:2.3:a:valdez:bethany:9.9.5:*:*:*:*:*,issue-tracker,joseph.info,formulation,parker.com
harness integrated systems,9.0.2,Color hear hot history answer picture. Good impact whether later director individual play decade. Look successful create degree piece now until.,Daniels-Garza,Rebekah Jones,Michael Mckinney,Maureen Martin,Hand blue how fire number. President meet spring let media cold. Image own chance establish here policy more loss. When probably color.,gary/scott,SHA3-384,77c4b6f7e7e5082ed3bbe8e9457980de127957664bfa01387dfcab5b48d80518851c28adf9efd138c7479fb6ad816260,MD5,e0f5ad1d32d109cfa98f7d59990f9a5f,Sun-PPP,OAR,Dillon and Sons,Manuel Hawkins,ryan97@davis.com,+1-364-526-1241x706,shaffer.com,operating-system,pkg:maven/jack@0.7.7,cpe:2.3:h:conner:michael:2.6.1:*:*:*:*:*,bom,jordan.org,vulnerability-assertion,gonzalez.com
redefine leading-edge e-markets,8.1.6,Still near risk data guess. Area speak fight ability. Any box approach thing. Claim assume position cultural group forget. Head so magazine would contain see poor.,"King, Morgan and Ford",Shari Wright,Ronald Wilkerson,Michael Bennett,Collection discuss media above forget. Safe sure already. If yet century whether boy worry. Career heavy company yet strategy later. Receive old daughter.,tammie/garcia,SHA-1,13c8d9f4b6408a8eb5410ae01669b1b69673afec,MD5,e0f5ad1d32d109cfa98f7d59990f9a5f,OPL-1.0,Mackerras-3-Clause-acknowledgment,Lopez-Garcia,Aaron Thornton,rbarnes@lopez.biz,864.508.1062,brown-campos.info,device-driver,pkg:maven/anna@1.0.2,cpe:2.3:h:kelley:lisa:7.2.9:*:*:*:*:*,bom,mckenzie.biz,vcs,moreno-walter.net
empower sticky e-business,4.7.3,Tough few computer specific like best. Center stock than strategy letter big. Wish edge collection pass would. Stay oil short finish later. Support study toward finally those marriage both.,Young Group,Alex Bauer,Victoria Wheeler,Adrian Turner,Shake help too everyone purpose money message. Identify friend even attorney that. Defense least become. Word store benefit or. Well next cultural appear weight green rate.,jodi/stanley,MD5,e0f5ad1d32d109cfa98f7d59990f9a5f,SHA-256,7967ae422bd2381b86b87dc8db4e5087c7b364e8c0b0bbe83f95bce47ec93ce1,Xfig,GFDL-1.1-or-later,Hester Ltd,Sean Bautista,nicoleknight@morrison.com,520.646.1213,peterson.biz,platform,pkg:cargo/stephanie@3.9.2,cpe:2.3:a:parker:brandy:7.7.1:*:*:*:*:*,social,richardson.com,poam,cannon-hunt.com
deploy cutting-edge experiences,8.8.9,Have mission behavior interview. Once model center today natural energy prove. Message game allow style. Least past task large look economic yes. Spend improve plan pay arm sea society. It buy rest claim wait.,"Chavez, Baker and Mcintosh",John Brown,Matthew Gross,Deborah Smith,Physical right economic current imagine hand beat. Citizen possible explain notice. Which land security run suddenly billion. Institution east life partner water deal former.,paula/cooper,SHA-1,13c8d9f4b6408a8eb5410ae01669b1b69673afec,MD5,e0f5ad1d32d109cfa98f7d59990f9a5f,Brian-Gladman-3-Clause,Noweb,"Herrera, Petty and Gibbs",Sandra Hendricks,richard86@riddle-cook.com,(271)926-6523,johnson.com,firmware,pkg:cargo/bradley@5.8.1,cpe:2.3:h:coleman:danny:7.6.9:*:*:*:*:*,static-analysis-report,carlson-clark.com,distribution-intake,pham.com
cultivate extensible mindshare,1.1.2,Those environment contain. Year level thing issue know difference everyone idea. After their story suffer lose result. Lot look so war year industry yeah about. Into different include good sometimes.,Robertson-Baker,John Brown,David Orr,John Mcgee,Heavy building word want conference. Also defense technology value. High in surface painting letter first. Available billion why list.,william/larson,SHA3-384,77c4b6f7e7e5082ed3bbe8e9457980de127957664bfa01387dfcab5b48d80518851c28adf9efd138c7479fb6ad816260,SHA-384,77a791dce874589e1def4c519fa52aafac4f9395d56c8682f62cd1b25137b01551081e1ceaaae54fd435a63af1559097,mpi-permissive,CAL-1.0,"Hoover, Moore and Morgan",Amy Gonzales,pedromurray@jordan.com,(704)843-2867,hodges-bradshaw.com,application,pkg:golang/karen@9.0.9,cpe:2.3:o:burns:abigail:5.4.8:*:*:*:*:*,model-card,hall-rangel.com,component-analysis-report,perkins.com
visualize sticky e-tailers,8.0.5,Win ball well fund team product I body. Bag themselves learn several itself character move east. Character street season amount key beat. Situation my recently way officer.,Mcintyre-Cox,Sarah Bowers,Mr. Mark Johnson PhD,Jeremy Jones,Sort fly lot else east theory night. Area child charge rather turn sit. Receive radio especially off hear he.,courtney/moreno,SHA-256,7967ae422bd2381b86b87dc8db4e5087c7b364e8c0b0bbe83f95bce47ec93ce1,SHA-384,77a791dce874589e1def4c519fa52aafac4f9395d56c8682f62cd1b25137b01551081e1ceaaae54fd435a63af1559097,BSD-2-Clause-Darwin,JPNIC,"Lee, Gamble and Thompson",Ryan Sutton,kwilkerson@alexander-thompson.com,240.384.4926x51624,blevins.com,framework,pkg:docker/cynthia@6.9.4,cpe:2.3:o:gonzales:elizabeth:9.4.3:*:*:*:*:*,vulnerability-assertion,kirk.com,maturity-report,kim.net
utilize best-of-breed vortals,2.8.9,Commercial offer food forget. Maintain site summer somebody network. Record foreign senior rate receive discussion per standard. Environmental eight necessary herself. Member information office care.,Calderon PLC,Bradley Garcia,Linda Carter,Brenda Hays,Improve cell knowledge production make state. Popular clearly challenge suggest establish decide across. Customer begin Democrat where. Here rather image member pattern against room. Wind across start raise little past.,veronica/jones,SHA3-384,77c4b6f7e7e5082ed3bbe8e9457980de127957664bfa01387dfcab5b48d80518851c28adf9efd138c7479fb6ad816260,SHA-256,7967ae422bd2381b86b87dc8db4e5087c7b364e8c0b0bbe83f95bce47ec93ce1,fwlw,MPL-2.0-no-copyleft-exception,"Taylor, Moore and Brown",Heather Martinez,robertsonkayla@torres-hopkins.info,001-274-558-0979,larsen.com,application,pkg:docker/justin@7.7.1,cpe:2.3:a:king:erin:3.3.1:*:*:*:*:*,codified-infrastructure,howard-carpenter.com,maturity-report,gilmore.com
disintermediate magnetic interfaces,4.7.8,Teach study economic project cut. More serve only actually oil view lot week. Whom skin catch fight. Power number war she toward.,Hooper-Willis,Samuel Walter,Angela Cruz,Robert Burke,Admit close along environmental. Pay name artist remember force race. Tv grow experience environment never life. Career possible movie reason accept age. Public fear word and occur leader product. There child morning next none land.,mark/hughes,SHA-384,77a791dce874589e1def4c519fa52aafac4f9395d56c8682f62cd1b25137b01551081e1ceaaae54fd435a63af1559097,SHA-384,77a791dce874589e1def4c519fa52aafac4f9395d56c8682f62cd1b25137b01551081e1ceaaae54fd435a63af1559097,Crossword,RSCPL,Green Inc,John Hodges,yfischer@burnett.com,001-436-847-7129,lee-phelps.com,container,pkg:cargo/william@1.8.0,cpe:2.3:h:harvey:ricky:5.7.6:*:*:*:*:*,vcs,grant.biz,log,contreras.com
visualize holistic communities,1.9.7,Knowledge style new civil north. Industry fall base practice. Like later whether probably campaign. Election nature city real always. Game discussion bag life hour. Case not the poor road difficult.,Webb-Barry,Jill Murphy,Teresa Armstrong,Antonio Garcia,Yet suffer individual current. Sister though friend bar food war. Sister from exist quality despite door east. Threat movement chair yourself at could difficult. Situation wide your study. Focus usually team answer Mr fast plan.,gina/kirby,SHA-512,2fdd5aab1a7d99474b4a3916b046ed3e6f97ea8cec83424bf3c2735a1b9df3967254975a6d484db511468231a1448125e09973198202a138b3ef1a5301d5723c,SHA-512,2fdd5aab1a7d99474b4a3916b046ed3e6f97ea8cec83424bf3c2735a1b9df3967254975a6d484db511468231a1448125e09973198202a138b3ef1a5301d5723c,psfrag,APSL-1.0,Barnett Ltd,Kathy Bailey,christophercooper@vincent.biz,284.664.7150,young.com,data,pkg:docker/andrew@1.8.5,cpe:2.3:h:gray:michael:8.4.4:*:*:*:*:*,vcs,brown.com,dynamic-analysis-report,sims.com
utilize value-added paradigms,4.1.4,Pretty expect executive consider bring beyond name. Sport high fall. Describe offer not base sure. Understand use college sing.,Woods Ltd,Sean Martinez,Jon Mitchell,James Burke,General car spend. Coach station sea expert capital. Management them become indeed sea if information. Big say never red when mean reach.,anthony/brown,SHA3-256,6865754afe1388ab80bc5fa0402e268235ed4685a70a994192d1e231e31d3322,MD5,e0f5ad1d32d109cfa98f7d59990f9a5f,SL,Ruby,Gonzalez-Joseph,Collin Stephens,cookejohnny@cooper.net,(567)496-4923x132,gutierrez-perez.com,operating-system,pkg:maven/pamela@7.1.8,cpe:2.3:o:wagner:justin:9.5.8:*:*:*:*:*,runtime-analysis-report,crane.com,codified-infrastructure,martinez.com
re-intermediate bricks-and-clicks channels,7.3.6,Themselves game none big. Student see find actually. Environmental bar teacher country trial site. Pick time science loss build apply. Age career affect only professional.,Watkins Inc,Kelly Simpson,Dr. Jessica Ross,Kimberly Garcia,Push involve sign long seem. Top Democrat employee law wind them. Own human smile strong.,donna/hall,SHA-512,2fdd5aab1a7d99474b4a3916b046ed3e6f97ea8cec83424bf3c2735a1b9df3967254975a6d484db511468231a1448125e09973198202a138b3ef1a5301d5723c,SHA-256,7967ae422bd2381b86b87dc8db4e5087c7b364e8c0b0bbe83f95bce47ec93ce1,Barr,CC-PDM-1.0,Beck Group,William Mayer,gregorykatherine@duffy-hill.com,431.286.8476x604,martin.com,container,pkg:golang/jason@4.1.4,cpe:2.3:h:johnson:david:9.2.6:*:*:*:*:*,dynamic-analysis-report,lopez-robles.com,quality-metrics,norton-payne.net
whiteboard bleeding-edge web services,3.6.4,Ask up relate make. How information miss exactly arrive scientist care prevent. Cold condition him write.,Bell and Sons,Marissa Parsons,Brittany Ramirez,Crystal Bray,Least short fine seat spring peace see. Mouth place tough these itself face south. Member senior suggest financial. Dark arrive us product population imagine. Back eat herself little decision stock.,jacqueline/bentley,SHA-384,77a791dce874589e1def4c519fa52aafac4f9395d56c8682f62cd1b25137b01551081e1ceaaae54fd435a63af1559097,SHA3-256,6865754afe1388ab80bc5fa0402e268235ed4685a70a994192d1e231e31d3322,ISC,LGPL-3.0+,Snyder Ltd,Brooke Gibson,pamelasutton@smith-randall.com,(374)538-2852,davis.net,operating-system,pkg:maven/jonathan@4.4.4,cpe:2.3:h:oconnor:luke:9.5.2:*:*:*:*:*,dynamic-analysis-report,mann.com,static-analysis-report,garza.com
streamline web-enabled portals,2.6.7,Among right lot weight goal beat take add. Hope long exactly marriage happen. Or long see a on week position about. Oil moment people key clear. Someone turn want race teach threat newspaper.,Mills-Boyd,Patrick Moore,Anthony Mitchell,Brian Weber,Teacher about represent shake create public. Six truth front building friend major control first. Follow mention store know.,joyce/powell,MD5,e0f5ad1d32d109cfa98f7d59990f9a5f,SHA-384,77a791dce874589e1def4c519fa52aafac4f9395d56c8682f62cd1b25137b01551081e1ceaaae54fd435a63af1559097,BSL-1.0,VSL-1.0,"Oconnor, Hicks and Alexander",David Moore,ssullivan@cochran.com,001-410-846-9517x11997,lopez.com,container,pkg:maven/paula@8.1.8,cpe:2.3:h:cook:melvin:4.3.4:*:*:*:*:*,static-analysis-report,wood-haas.com,poam,gonzales.com
streamline rich info-mediaries,4.2.9,Sport new sound film. Discussion character series series. Science these international movement lot table outside. Class step decide how machine.,Walker-Moreno,Ronald Hernandez,John Campos,Paul Middleton,All value church. Defense black important peace magazine industry phone. Hard reveal action campaign new campaign. Success even gas stand expect hit.,william/mendez,SHA3-256,6865754afe1388ab80bc5fa0402e268235ed4685a70a994192d1e231e31d3322,SHA3-384,77c4b6f7e7e5082ed3bbe8e9457980de127957664bfa01387dfcab5b48d80518851c28adf9efd138c7479fb6ad816260,APL-1.0,TTYP0,Lester and Sons,Daniel Pierce,johnboone@owens-meyer.com,001-700-422-4588x0006,johnson-perez.biz,file,pkg:pypi/jennifer@0.7.3,cpe:2.3:a:perez:valerie:4.2.2:*:*:*:*:*,dynamic-analysis-report,alvarado.info,documentation,chambers.com
synergize collaborative niches,4.9.8,Couple none just. Condition like high real. Financial why writer people for line political while. Per pull news available month. Employee them oil choice whom send personal.,Freeman Ltd,Crystal Moon,Diane Herring,Mr. Jose Green,Strategy skill image he style plan let. Adult take feel full. Little others grow argue. Choice use should then fire. Would teach care. Enter eight member article that rich.,katrina/hernandez,SHA3-384,77c4b6f7e7e5082ed3bbe8e9457980de127957664bfa01387dfcab5b48d80518851c28adf9efd138c7479fb6ad816260,MD5,e0f5ad1d32d109cfa98f7d59990f9a5f,AML-glslang,GFDL-1.1-invariants-or-later,"Gonzalez, Morris and Alexander",Kristie Winters,bruce17@wolfe-leonard.com,(535)975-1143,jordan.net,firmware,pkg:cargo/angela@5.8.9,cpe:2.3:h:jimenez:amanda:9.3.0:*:*:*:*:*,social,leblanc.com,threat-model,bailey.com
disintermediate open-source initiatives,1.1.4,I address section wait why agent wear law. Former whole attention future level garden. Century impact carry show likely project left require. Or sign woman.,"Smith, Adams and Jones",Dominique Hunt,Thomas Miller DVM,Henry Long,Feel we him system nice rock. Hope address natural rather. Week design long sport institution raise administration nice. The by really election child.,jared/bryant,SHA-384,77a791dce874589e1def4c519fa52aafac4f9395d56c8682f62cd1b25137b01551081e1ceaaae54fd435a63af1559097,SHA-256,7967ae422bd2381b86b87dc8db4e5087c7b364e8c0b0bbe83f95bce47ec93ce1,libtiff,SMPPL,Brown-Smith,Carl Garrett,casederek@dean-hernandez.com,(418)589-8094,cline.org,data,pkg:maven/diane@7.2.4,cpe:2.3:h:kim:kevin:7.9.1:*:*:*:*:*,threat-model,gilbert.com,pentest-report,armstrong.com
target 24/7 solutions,0.5.2,Game fight court example positive news. Book because answer often care few white. Reality water deep might respond perhaps resource. Much only level pretty point. What action act imagine range often.,"Nelson, Stanley and James",Elizabeth Patel,Heather Mann,Jessica Chen,Natural when everything choice relationship hour that. Letter modern another usually PM ground. Much leader stand need physical.,parker/atkins,SHA-1,13c8d9f4b6408a8eb5410ae01669b1b69673afec,SHA-256,7967ae422bd2381b86b87dc8db4e5087c7b364e8c0b0bbe83f95bce47ec93ce1,CC-BY-NC-ND-3.0,FSFULLR,"Stanley, Perez and Jones",Traci Moore,reedcarlos@hernandez-davis.com,826.620.5989x170,watkins.com,framework,pkg:golang/angela@2.9.1,cpe:2.3:o:logan:william:2.9.8:*:*:*:*:*,adversary-model,stevens.com,website,wright.com
revolutionize end-to-end eyeballs,1.1.4,Car seem again kid concern. Consider also already watch democratic rule surface. Rule age treat education affect center responsibility produce. Listen expect evidence leave interview. Blood return ok level recognize opportunity. Clear guess I Mrs physical site page.,Perez Group,Karen Manning,Ryan Williams,Heather Anderson,Sea south follow face. Rise size peace although story alone word. See accept likely real main. Water because power born listen green. Program woman account author where.,stacey/salazar,SHA-512,2fdd5aab1a7d99474b4a3916b046ed3e6f97ea8cec83424bf3c2735a1b9df3967254975a6d484db511468231a1448125e09973198202a138b3ef1a5301d5723c,SHA3-512,8f329f6f6cfbd24fcbda7c3b69b44e7e64b0301a3799e71c3910bcf0dae56ed66d477a1d18342c3b2bd73deb5aa420aee20b4d556179be3169e9ae0ecf8e64f2,BSD-2-Clause,UCAR,Lopez-Macias,Richard Turner,melissa91@jones.com,671.260.4398x35708,smith.org,platform,pkg:pypi/michelle@8.9.6,cpe:2.3:a:russell:tina:1.0.1:*:*:*:*:*,adversary-model,daniels-hurley.com,advisories,barnes.net
morph cross-media e-markets,4.5.8,Deal itself rock push. Yard trip buy question concern seat college section. Agree team bad never. Surface take later often picture.,Smith-Moore,Hannah Brown,Kevin Herring,Laurie Davis,Throughout agent food computer author color approach usually. Give him image others ago determine. Million article nearly base shoulder expert court market.,katrina/glenn,SHA-512,2fdd5aab1a7d99474b4a3916b046ed3e6f97ea8cec83424bf3c2735a1b9df3967254975a6d484db511468231a1448125e09973198202a138b3ef1a5301d5723c,SHA-512,2fdd5aab1a7d99474b4a3916b046ed3e6f97ea8cec83424bf3c2735a1b9df3967254975a6d484db511468231a1448125e09973198202a138b3ef1a5301d5723c,ICU,diffmark,"Davis, Vaughn and Anderson",Amber Carter,perrygregory@davis.com,001-243-872-3073,rodriguez.com,device,pkg:cargo/rose@0.9.2,cpe:2.3:o:colon:jon:4.7.3:*:*:*:*:*,advisories,prince.biz,attestation,young-hall.org
mesh frictionless supply-chains,2.0.1,Gas learn free on how hear increase room. Former foreign accept hope student out yet. From performance surface across. Become quality yard among subject could. Total something your clear success cause. Option such born.,"Sellers, Clark and Mckinney",Jerry Clayton,Victoria Burton,Denise Brown,Report coach single world get you seven. Amount evening job. Leg represent former very would. Cold far use any hotel send marriage. Plant other price while day entire.,aaron/thompson,SHA-512,2fdd5aab1a7d99474b4a3916b046ed3e6f97ea8cec83424bf3c2735a1b9df3967254975a6d484db511468231a1448125e09973198202a138b3ef1a5301d5723c,SHA-384,77a791dce874589e1def4c519fa52aafac4f9395d56c8682f62cd1b25137b01551081e1ceaaae54fd435a63af1559097,CECILL-2.1,mailprio,"Graham, Hester and Herrera",Rebecca Johnson,carterandrew@cox.com,001-432-971-0350x5053,mitchell.com,operating-system,pkg:pypi/jack@8.0.7,cpe:2.3:a:carlson:ryan:6.8.2:*:*:*:*:*,distribution,ford.biz,build-meta,rodriguez.org
synthesize synergistic architectures,5.7.5,Necessary available water computer suffer. Material party artist mother old. Happen that young series understand high. Day teacher among project human special senior fly.,"Cox, Cook and Gallegos",John Monroe,Phillip Sanchez,Danny Byrd,Cover history deal past. My speech then price. Discussion eat chair later save. Safe executive ago cut good board. Skill public certainly player yes.,mary/jackson,SHA-512,2fdd5aab1a7d99474b4a3916b046ed3e6f97ea8cec83424bf3c2735a1b9df3967254975a6d484db511468231a1448125e09973198202a138b3ef1a5301d5723c,SHA-1,13c8d9f4b6408a8eb5410ae01669b1b69673afec,ISC-Veillard,Ruby,Malone PLC,Dennis Bender,hgomez@nelson-petersen.org,001-645-889-1258x68756,taylor.net,application,pkg:maven/ruth@5.6.3,cpe:2.3:h:hamilton:erin:8.1.8:*:*:*:*:*,component-analysis-report,phillips.com,attestation,davies.com
enable front-end mindshare,4.3.1,Similar hear part under. Rise around sound sell trouble discussion cover. Behavior reach happen from term these. Ago environmental seek debate call clearly.,Dean PLC,Nicholas Barker,Evan Green,Steven Hamilton,Near sister share small animal. Option one threat safe recently you. Quickly name from treatment true treatment.,kelsey/rodriguez,SHA3-384,77c4b6f7e7e5082ed3bbe8e9457980de127957664bfa01387dfcab5b48d80518851c28adf9efd138c7479fb6ad816260,SHA-512,2fdd5aab1a7d99474b4a3916b046ed3e6f97ea8cec83424bf3c2735a1b9df3967254975a6d484db511468231a1448125e09973198202a138b3ef1a5301d5723c,CC-BY-NC-3.0,MS-LPL,"Cook, Miller and Brown",Larry Burns,philip13@callahan.biz,620.932.8907x4226,love.biz,container,pkg:docker/michael@0.4.0,cpe:2.3:o:higgins:elizabeth:1.2.8:*:*:*:*:*,quality-metrics,sanders.com,formulation,smith-shields.com
engage bricks-and-clicks models,6.5.4,Quickly institution election score fall. Themselves face investment several drive. Discover pattern might role family show.,"Price, Cooper and Davis",Anthony Hale,Dana Dominguez,Joshua Richardson,Term international political base of push. Sit learn help though nearly lead. Free apply beyond seat according.,jessica/parks,SHA3-384,77c4b6f7e7e5082ed3bbe8e9457980de127957664bfa01387dfcab5b48d80518851c28adf9efd138c7479fb6ad816260,MD5,e0f5ad1d32d109cfa98f7d59990f9a5f,HPND-doc-sell,libpng-2.0,"Young, Hughes and Marquez",Robert Schultz,ramosalex@spencer.biz,+1-627-731-4081x05982,ball.info,framework,pkg:docker/patrick@9.6.0,cpe:2.3:h:williams:scott:2.0.6:*:*:*:*:*,log,anderson.biz,attestation,hurley-wright.org
monetize plug-and-play niches,5.8.4,Send a purpose. Another term world write environment. Girl door training to system ago. Total experience official fund. Follow PM both artist similar run box. Two her top travel.,Lopez Inc,David Nguyen,Eric Moore,Jasmine Wilson,Section market six night part door. Rule concern economic deep piece peace remember official. Central any partner explain or who. Information enough feel its drive. People mother sense feeling cultural wish change.,garrett/moore,SHA3-512,8f329f6f6cfbd24fcbda7c3b69b44e7e64b0301a3799e71c3910bcf0dae56ed66d477a1d18342c3b2bd73deb5aa420aee20b4d556179be3169e9ae0ecf8e64f2,SHA-1,13c8d9f4b6408a8eb5410ae01669b1b69673afec,CECILL-B,SchemeReport,"Sosa, Mccoy and Smith",Michelle Crawford,pjones@simmons-hess.com,+1-481-672-9000x1688,massey-cohen.org,machine-learning-model,pkg:docker/maureen@4.3.5,cpe:2.3:a:green:andrew:5.7.5:*:*:*:*:*,social,hicks.com,threat-model,berry.com
engage extensible markets,1.9.0,Series statement bag speech. Long air itself. Church each space rise live up. Guy Mr my explain city. Foreign personal usually dinner next almost family.,Mills Group,Deborah Clark,Derek Mitchell,William Chandler,Most catch arrive family benefit yet agreement. Tell win near time lot result share. Since difficult including as through military leave eye. Box bag explain enter build notice.,fernando/simpson,SHA-384,77a791dce874589e1def4c519fa52aafac4f9395d56c8682f62cd1b25137b01551081e1ceaaae54fd435a63af1559097,SHA3-256,6865754afe1388ab80bc5fa0402e268235ed4685a70a994192d1e231e31d3322,JPL-image,magaz,Franco and Sons,Jacob Salazar,garciajennifer@henderson.com,(374)607-6644,mullins.org,machine-learning-model,pkg:golang/danielle@1.7.9,cpe:2.3:o:hall:brian:1.3.8:*:*:*:*:*,poam,lopez.org,adversary-model,richards.net
embrace web-enabled e-services,5.0.2,Yeah in public drug nature. Answer see theory cost size. Price million set decide.,Collier LLC,Pamela Newton DDS,April Yang,Robert Vargas,Tree describe particular letter whose mother although. Even shake with remember. Water first blood media business politics catch. Dark ability wonder likely college.,briana/phillips,SHA-512,2fdd5aab1a7d99474b4a3916b046ed3e6f97ea8cec83424bf3c2735a1b9df3967254975a6d484db511468231a1448125e09973198202a138b3ef1a5301d5723c,SHA3-256,6865754afe1388ab80bc5fa0402e268235ed4685a70a994192d1e231e31d3322,CC-BY-3.0-US,xkeyboard-config-Zinoviev,Lopez and Sons,Austin Tapia,nicolewilliams@morris.com,218.710.9857x491,smith.com,data,pkg:docker/edward@6.9.0,cpe:2.3:a:harper:becky:2.6.6:*:*:*:*:*,build-meta,smith.com,vcs,wright-green.com
scale B2C content,0.7.3,Pattern like top result sometimes. Citizen true up. Tonight develop interest form available dinner. Newspaper put glass always as. Place recently whose provide play trade wrong.,Ward-Ellis,Joshua Dunlap,Karen Payne,Melissa Reyes,Discover article industry factor system ability. Feel medical more section school stand PM. Plan reality throw necessary lot.,arthur/cummings,SHA-384,77a791dce874589e1def4c519fa52aafac4f9395d56c8682f62cd1b25137b01551081e1ceaaae54fd435a63af1559097,SHA-256,7967ae422bd2381b86b87dc8db4e5087c7b364e8c0b0bbe83f95bce47ec93ce1,ZPL-2.1,SSLeay-standalone,"Blevins, Moore and Lee",Louis Ferguson,kristopher17@cummings-benson.com,001-345-525-8564,morgan.com,file,pkg:maven/kimberly@0.5.2,cpe:2.3:h:schwartz:vanessa:3.3.6:*:*:*:*:*,configuration,palmer-blankenship.org,issue-tracker,cline.net
synthesize dot-com metrics,5.0.7,Could fight the person pick experience. Kitchen design child require summer. Drive report south year number cultural.,Hall Inc,Nicole Nguyen,Jeffrey Palmer,Michael Owens,Tv act third either environment. Mrs I common again strategy have. Law interview those indicate need support. Might expect by place.,sarah/avila,SHA3-512,8f329f6f6cfbd24fcbda7c3b69b44e7e64b0301a3799e71c3910bcf0dae56ed66d477a1d18342c3b2bd73deb5aa420aee20b4d556179be3169e9ae0ecf8e64f2,SHA-1,13c8d9f4b6408a8eb5410ae01669b1b69673afec,ASWF-Digital-Assets-1.0,AFL-2.0,Leonard-Webster,Julie Ramos,shawn56@fisher.com,+1-918-461-8712x877,henderson.biz,file,pkg:cargo/bruce@7.2.4,cpe:2.3:o:brown:nicole:9.6.6:*:*:*:*:*,license,roth.com,codified-infrastructure,peterson.com
syndicate enterprise architectures,7.0.8,Land piece walk we. Girl increase free between than discover. Sure smile number thought likely generation require daughter.,"Walters, Obrien and Escobar",Tyler Rodriguez,Melissa Williams,David Boyd,Room wall east issue cost yeah organization. Short night any share allow. Watch seem ever less. What sea begin work. Gun newspaper level name range for.,kristen/rodriguez,SHA-1,13c8d9f4b6408a8eb5410ae01669b1b69673afec,SHA-512,2fdd5aab1a7d99474b4a3916b046ed3e6f97ea8cec83424bf3c2735a1b9df3967254975a6d484db511468231a1448125e09973198202a138b3ef1a5301d5723c,CERN-OHL-W-2.0,ICU,Faulkner-Stuart,Leah Sanchez,ashley28@scott.info,(436)698-9714x72005,flores-brooks.com,data,pkg:npm/sean@0.8.8,cpe:2.3:o:kennedy:rachel:3.9.5:*:*:*:*:*,build-system,smith.com,website,white.com
engage 24/7 content,0.9.5,Quite behavior often physical. There foreign unit matter. Agent form approach myself lawyer get along. Respond ground green check option. Sort husband take all top view.,Johnson PLC,Alyssa Cruz,Emily Anderson,Calvin Coleman,Only time talk property accept. Century policy part hand. Reflect mission along.,christopher/johnson,SHA-1,13c8d9f4b6408a8eb5410ae01669b1b69673afec,SHA-256,7967ae422bd2381b86b87dc8db4e5087c7b364e8c0b0bbe83f95bce47ec93ce1,GFDL-1.1-only,Artistic-1.0-cl8,Lawrence Group,Zachary Smith,angelamorris@brown-aguilar.com,943.416.3227,kirby.com,firmware,pkg:docker/daniel@3.0.6,cpe:2.3:h:patton:thomas:4.5.9:*:*:*:*:*,issue-tracker,smith.info,model-card,mitchell.com
transition clicks-and-mortar e-business,9.2.5,Pretty role life member. Firm would reflect clear top organization. Debate blue impact bar force. Available service ahead state chair agent billion.,Klein-Cruz,Mike Williams,Robert Scott,Adam Mosley,Mr major box former generation edge lead. Positive door understand mind commercial television. Half set chance officer to. Air young nearly tax happy. Best people their discuss. Old speech always particularly activity.,alexis/rodgers,SHA3-256,6865754afe1388ab80bc5fa0402e268235ed4685a70a994192d1e231e31d3322,MD5,e0f5ad1d32d109cfa98f7d59990f9a5f,Abstyles,NLOD-1.0,Hanson-Bryant,Hannah Sullivan,imoore@finley.org,415-798-7255x3575,bowen.com,device,pkg:pypi/dawn@9.5.8,cpe:2.3:o:howell:teresa:3.0.3:*:*:*:*:*,quality-metrics,obrien.com,build-meta,blankenship-phillips.com
facilitate 24/7 eyeballs,5.1.6,World listen image bar despite. Tv cause start woman. Power course no away.,Marsh Ltd,Adrienne Kelley,Brittany Johnson,Carolyn Smith,Create poor city. To heart quality think whatever. Over give yes her. Hundred research well cold responsibility. Campaign serve attack likely under condition.,mikayla/salas,SHA3-384,77c4b6f7e7e5082ed3bbe8e9457980de127957664bfa01387dfcab5b48d80518851c28adf9efd138c7479fb6ad816260,SHA-512,2fdd5aab1a7d99474b4a3916b046ed3e6f97ea8cec83424bf3c2735a1b9df3967254975a6d484db511468231a1448125e09973198202a138b3ef1a5301d5723c,Nokia,Crossword,"Allen, Scott and Gibson",Sara Grant,ubean@cohen-holloway.com,+1-574-938-9184x23675,garrett.com,framework,pkg:npm/christopher@2.2.4,cpe:2.3:o:jackson:christopher:0.8.7:*:*:*:*:*,vulnerability-assertion,johnson.com,build-meta,owens.biz
target dot-com mindshare,0.7.2,Travel this say able plan policy machine. Similar clear talk quality space even well level. Five skill sense still her rise nor him.,Mitchell Group,Jonathan Barber,Paula Choi,Robin Davis,Small near offer whatever head. Along member site several. Second arm how tough fall pass social matter. Class back resource authority hold cost peace. Finally job particular grow may.,jose/myers,SHA3-384,77c4b6f7e7e5082ed3bbe8e9457980de127957664bfa01387dfcab5b48d80518851c28adf9efd138c7479fb6ad816260,SHA3-512,8f329f6f6cfbd24fcbda7c3b69b44e7e64b0301a3799e71c3910bcf0dae56ed66d477a1d18342c3b2bd73deb5aa420aee20b4d556179be3169e9ae0ecf8e64f2,GFDL-1.3-invariants-or-later,GCR-docs,Russell Inc,Jodi Ryan,davidsonmichael@brooks.biz,+1-329-260-3098x5939,martinez.com,framework,pkg:npm/victoria@9.2.2,cpe:2.3:o:patel:kathryn:5.1.8:*:*:*:*:*,documentation,chen.com,social,riley.com
streamline best-of-breed e-commerce,0.6.4,Fact bag already across question environmental half. Heavy nothing we trade spring. First artist however away citizen since central. Its range news strong.,Burton and Sons,Michelle Thomas,Carl Meyer,Brenda Owens,Coach into moment grow specific concern so. Meet management first prepare west north federal. Service traditional others war course suddenly process. Man eat quality a find. Interest office data station central likely. Technology whatever show include play this.,christopher/moreno,SHA3-384,77c4b6f7e7e5082ed3bbe8e9457980de127957664bfa01387dfcab5b48d80518851c28adf9efd138c7479fb6ad816260,SHA-256,7967ae422bd2381b86b87dc8db4e5087c7b364e8c0b0bbe83f95bce47ec93ce1,UPL-1.0,NBPL-1.0,Castro LLC,Nathan Fields,jamesford@jordan-turner.com,(310)286-9686x683,delgado.org,device-driver,pkg:maven/jack@8.0.3,cpe:2.3:a:campbell:brian:6.1.7:*:*:*:*:*,vcs,ford.info,build-meta,rivera-gross.info
synthesize real-time infrastructures,7.9.5,Together question pull speak expect notice. Note third evidence. Leave piece from every stuff. Soldier leader minute maintain media early long.,"Lewis, Jones and Hamilton",David Anderson,Elizabeth Monroe,Briana Coleman,Customer level laugh always art fact. Present player brother change bank pull poor. Able necessary issue evening body relationship. Entire rest seven clearly rock. Different easy offer local class.,bethany/day,SHA-384,77a791dce874589e1def4c519fa52aafac4f9395d56c8682f62cd1b25137b01551081e1ceaaae54fd435a63af1559097,SHA-256,7967ae422bd2381b86b87dc8db4e5087c7b364e8c0b0bbe83f95bce47ec93ce1,Kastrup,TermReadKey,Brown-Thomas,Scott Tyler,dmartin@kim.com,969.518.5410,holden-williams.com,operating-system,pkg:npm/jeffrey@8.0.0,cpe:2.3:o:alvarado:christian:1.5.8:*:*:*:*:*,formulation,kirby-green.com,support,smith.com
revolutionize interactive architectures,5.8.2,Stuff many begin billion too. Conference by miss section letter according goal. Still push detail sign how game small. These while far foot possible too according.,Kelly-Marsh,Janet Cook,Dana Marshall,Lynn Crosby,Capital wish hot. Establish level wall color quality close central weight. On mention pick. Action newspaper suffer return lot. Care benefit its thought economic party work.,douglas/barry,SHA-256,7967ae422bd2381b86b87dc8db4e5087c7b364e8c0b0bbe83f95bce47ec93ce1,SHA3-512,8f329f6f6cfbd24fcbda7c3b69b44e7e64b0301a3799e71c3910bcf0dae56ed66d477a1d18342c3b2bd73deb5aa420aee20b4d556179be3169e9ae0ecf8e64f2,LGPL-2.0+,OGL-UK-2.0,"Myers, Miller and Clark",Susan Vega,markbrock@johnson.net,710-631-5676,fernandez-owen.com,framework,pkg:golang/hannah@8.0.0,cpe:2.3:a:smith:joshua:0.0.3:*:*:*:*:*,bom,white.com,security-contact,wiley-branch.com
transform enterprise e-markets,5.4.5,Since conference indeed site star. May sort Congress two yeah coach. Thought adult action.,Sullivan-Odom,Kendra Francis,Tyler Barnett,Andre Liu,Stock article thing measure special information. Because fund life surface time name education recently. Through account business serve or scene phone. Painting degree never PM impact. Happen few continue difference become any she interview.,daniel/hogan,SHA-256,7967ae422bd2381b86b87dc8db4e5087c7b364e8c0b0bbe83f95bce47ec93ce1,SHA-512,2fdd5aab1a7d99474b4a3916b046ed3e6f97ea8cec83424bf3c2735a1b9df3967254975a6d484db511468231a1448125e09973198202a138b3ef1a5301d5723c,SunPro,RPL-1.1,Miller and Sons,Andrea Rodriguez,nelsondaniel@collier.com,511-367-7262x2497,brown-nelson.com,platform,pkg:docker/paul@2.6.9,cpe:2.3:o:hopkins:michelle:5.9.3:*:*:*:*:*,issue-tracker,may.com,model-card,williams.info
iterate efficient convergence,3.8.8,Year nice matter charge. Piece enter tough. Staff certainly discover themselves. Rather eat boy year. Book recognize always customer draw street. Image time if growth quality add.,Lynch Group,Michele Clayton,Sabrina Brown,Melissa Jensen,Special wear entire American me current class. Road image question class door economy. Person most painting region current image. Participant away necessary thought cultural avoid. Together soon field for.,alisha/cox,SHA3-256,6865754afe1388ab80bc5fa0402e268235ed4685a70a994192d1e231e31d3322,SHA3-256,6865754afe1388ab80bc5fa0402e268235ed4685a70a994192d1e231e31d3322,Brian-Gladman-3-Clause,MPL-1.0,"Smith, Hernandez and Gonzalez",Amanda Friedman,ckent@thompson-edwards.info,392-975-9142x3596,morris.org,device-driver,pkg:maven/earl@6.1.6,cpe:2.3:a:henry:linda:7.6.0:*:*:*:*:*,distribution,nguyen.info,quality-metrics,moore-sanchez.com
generate back-end convergence,7.2.1,Phone phone energy suddenly loss. Trouble hour full her business history. Reality hundred continue mean imagine everyone society. So staff compare already. Especially point him.,Warner-Brown,David Tran,Katelyn Humphrey,Scott Aguilar,Coach movement possible. Today must movement receive level. Question suddenly our fly side simply yes myself.,sara/torres,SHA3-384,77c4b6f7e7e5082ed3bbe8e9457980de127957664bfa01387dfcab5b48d80518851c28adf9efd138c7479fb6ad816260,SHA-512,2fdd5aab1a7d99474b4a3916b046ed3e6f97ea8cec83424bf3c2735a1b9df3967254975a6d484db511468231a1448125e09973198202a138b3ef1a5301d5723c,BSD-3-Clause-HP,MIT-CMU,"Combs, Choi and Brown",Melanie West,colliergabriela@grimes-ramirez.org,+1-662-316-2667x078,fischer-lewis.com,file,pkg:maven/dustin@5.3.4,cpe:2.3:a:contreras:john:3.3.6:*:*:*:*:*,evidence,fisher.com,chat,smith-crosby.info
morph next-generation e-business,1.4.9,Free out town woman turn bed now. Loss clearly government group beyond minute. Security require great relate. Job stop rate you support. Difference plant wide up appear prove exist. Professional alone recently most design mean.,Pruitt-Sosa,Stephanie Wood,Derek Brady,David Schmidt,Center building back style husband. Expert sure head ever sound though indeed. When civil catch debate until front. Rest anything career rock campaign which interview reason. Computer attention your throughout. International share western maybe.,lisa/crawford,SHA3-256,6865754afe1388ab80bc5fa0402e268235ed4685a70a994192d1e231e31d3322,SHA3-512,8f329f6f6cfbd24fcbda7c3b69b44e7e64b0301a3799e71c3910bcf0dae56ed66d477a1d18342c3b2bd73deb5aa420aee20b4d556179be3169e9ae0ecf8e64f2,Vim,LOOP,Rogers Ltd,Benjamin Bauer,bwilliams@davis-diaz.com,504-820-1198x4367,rodriguez.com,application,pkg:npm/karl@8.3.7,cpe:2.3:h:kim:melissa:7.6.6:*:*:*:*:*,bom,pitts-nguyen.net,distribution-intake,carlson.org
aggregate dynamic web services,4.1.2,Political you quality road its everything relate. Knowledge alone letter well six general just into. Ground morning without environmental hour according training. Former truth trouble need rock. Station oil it responsibility claim among task. Exactly bank require say structure today.,Frederick-Morgan,Paula Donaldson,Dawn Robbins,Christopher Mckinney,School tax mission yard letter. Yes although ask sport forget away sport. Really offer guess mind already important line.,lisa/sloan,SHA-256,7967ae422bd2381b86b87dc8db4e5087c7b364e8c0b0bbe83f95bce47ec93ce1,SHA3-256,6865754afe1388ab80bc5fa0402e268235ed4685a70a994192d1e231e31d3322,XFree86-1.1,LiLiQ-P-1.1,"Reyes, Clark and Lane",Ryan Keith,laura63@marks-thompson.com,(970)662-5785,moore.org,data,pkg:npm/trevor@8.6.5,cpe:2.3:o:phillips:jeffrey:9.5.8:*:*:*:*:*,distribution-intake,king.com,build-system,fritz-brown.com
expedite leading-edge vortals,6.6.2,Article remember tree determine partner they talk during. Act gas a add cover nearly. Turn summer direction.,Martin-Jones,Christina Smith,Erin Velazquez DVM,Kayla Crawford MD,Medical environment other my. Left collection fly market security western. Notice every usually suggest. Mission parent answer across staff. Describe half expect. Evening increase ground fill under.,cheyenne/schultz,SHA-512,2fdd5aab1a7d99474b4a3916b046ed3e6f97ea8cec83424bf3c2735a1b9df3967254975a6d484db511468231a1448125e09973198202a138b3ef1a5301d5723c,MD5,e0f5ad1d32d109cfa98f7d59990f9a5f,Clips,OFL-1.0-no-RFN,"Lewis, Garcia and Freeman",Michael Andersen,melissamitchell@huff.com,725-306-0008,johnson-duffy.com,device-driver,pkg:npm/charles@2.3.2,cpe:2.3:o:medina:kimberly:9.5.8:*:*:*:*:*,security-contact,sullivan.biz,vulnerability-assertion,lucas-escobar.org
transition rich communities,5.4.6,Board decade course culture Republican important. Another respond energy measure technology one. New part ok believe measure.,Flynn-Davis,Mark Lewis,Jessica Thompson,Patrick Garcia,Believe way this factor on. Type board leader leader instead. Wonder parent tonight factor cause. Mr father officer our fill. Listen cause another president score military kid. Operation theory sing ever together.,michael/bishop,SHA3-512,8f329f6f6cfbd24fcbda7c3b69b44e7e64b0301a3799e71c3910bcf0dae56ed66d477a1d18342c3b2bd73deb5aa420aee20b4d556179be3169e9ae0ecf8e64f2,SHA-384,77a791dce874589e1def4c519fa52aafac4f9395d56c8682f62cd1b25137b01551081e1ceaaae54fd435a63af1559097,Boehm-GC-without-fee,BSD-Systemics,"Cooper, Bradford and Sullivan",Jack Hood,jamespatel@graham-fitzgerald.com,(553)256-8405,bernard.com,framework,pkg:npm/sandra@2.3.5,cpe:2.3:o:williams:brandy:8.0.2:*:*:*:*:*,dynamic-analysis-report,morgan.com,support,cunningham.com
